,Open,High,Low,Close,Volume
2022-02-08,227.0,271.25,227.0,268.25,135533461.0
2022-02-09,273.6499938964844,321.8999938964844,272.0,321.8999938964844,70655011.0
2022-02-10,356.70001220703125,386.25,345.0,386.25,56509643.0
2022-02-11,408.7000122070313,419.8999938964844,351.25,381.0,88580117.0
2022-02-14,364.2000122070313,398.8999938964844,352.1000061035156,376.2999877929688,43047644.0
2022-02-15,394.7000122070313,405.0,378.7999877929688,383.8500061035156,17777133.0
2022-02-16,390.0,392.9500122070313,375.2000122070313,377.0499877929688,11831948.0
2022-02-17,382.0,382.8999938964844,356.3500061035156,359.79998779296875,10520787.0
2022-02-18,352.6000061035156,370.0,351.1499938964844,354.29998779296875,10072444.0
2022-02-21,351.8999938964844,356.6000061035156,325.20001220703125,327.6000061035156,14932711.0
2022-02-22,308.6000061035156,323.6000061035156,305.0,314.29998779296875,13158494.0
2022-02-23,326.0,345.70001220703125,323.0,345.04998779296875,9030118.0
2022-02-24,324.1000061035156,365.3999938964844,322.1499938964844,332.95001220703125,27347337.0
2022-02-25,358.6499938964844,366.2000122070313,350.5,366.1000061035156,18895946.0
2022-02-28,367.1000061035156,395.8999938964844,367.0499877929688,379.3500061035156,23433903.0
2022-03-02,381.4500122070313,393.0,376.1000061035156,382.2999877929688,13334439.0
2022-03-03,392.0,395.0,378.0,380.25,8165851.0
2022-03-04,376.25,378.9500122070313,359.1000061035156,360.7999877929688,8905308.0
2022-03-07,346.0,351.0,337.25,340.79998779296875,9228324.0
2022-03-08,347.0,357.79998779296875,338.29998779296875,342.79998779296875,9620159.0
2022-03-09,347.6000061035156,351.54998779296875,339.25,340.3999938964844,8115674.0
2022-03-10,350.0,354.0,342.04998779296875,343.3999938964844,6619860.0
2022-03-11,343.8999938964844,358.79998779296875,338.0,344.20001220703125,10801113.0
2022-03-14,345.54998779296875,347.3500061035156,340.29998779296875,341.1000061035156,3889204.0
2022-03-15,343.5,355.0,338.45001220703125,340.25,8759343.0
2022-03-16,350.0,351.95001220703125,342.1000061035156,346.25,4512997.0
2022-03-17,350.0,380.8500061035156,348.1000061035156,379.7999877929688,31782591.0
2022-03-21,390.0,398.75,382.2999877929688,391.25,19955446.0
2022-03-22,394.4500122070313,397.7000122070313,387.0,393.1000061035156,9561082.0
2022-03-23,393.7999877929688,419.2999877929688,390.1499938964844,397.25,30739072.0
2022-03-24,397.0,414.7000122070313,395.0499877929688,407.1000061035156,11671061.0
2022-03-25,414.0,423.8999938964844,410.0,419.25,17327956.0
2022-03-28,424.8999938964844,461.1499938964844,424.0499877929688,461.0,29209300.0
2022-03-29,474.3999938964844,507.0,474.0,499.9500122070313,37794382.0
2022-03-30,508.7000122070313,514.0,480.1499938964844,492.2999877929688,25219865.0
2022-03-31,493.2999877929688,516.9000244140625,493.0,516.9000244140625,17742646.0
2022-04-01,526.0,542.7000122070312,521.0,542.7000122070312,18150045.0
2022-04-04,560.0,569.7999877929688,522.75,552.3499755859375,31396534.0
2022-04-05,559.9500122070312,579.9500122070312,553.5,579.9500122070312,14412302.0
2022-04-06,596.4000244140625,608.9000244140625,590.0,608.9000244140625,9965188.0
2022-04-07,639.2999877929688,639.2999877929688,578.5,578.5,10867407.0
2022-04-08,549.5999755859375,549.5999755859375,549.5999755859375,549.5999755859375,2282751.0
2022-04-11,550.0999755859375,577.0499877929688,550.0999755859375,577.0499877929688,5734232.0
2022-04-12,603.5,605.9000244140625,572.0,605.9000244140625,22706296.0
2022-04-13,622.9000244140625,636.1500244140625,606.0999755859375,636.1500244140625,16821307.0
2022-04-18,637.0,667.9500122070312,622.5999755859375,667.9500122070312,19453143.0
2022-04-19,690.5499877929688,701.2999877929688,651.5499877929688,677.9000244140625,25254020.0
2022-04-20,703.4000244140625,709.0,655.0,667.9000244140625,23058972.0
2022-04-21,679.0,701.25,667.25,699.7000122070312,17843608.0
2022-04-22,706.25,732.0,706.25,728.5499877929688,19690115.0
2022-04-25,743.0,764.9500122070312,736.5999755859375,764.9500122070312,21441429.0
2022-04-26,799.0,803.1500244140625,787.0,803.1500244140625,9075524.0
2022-04-27,832.2999877929688,843.2999877929688,776.5999755859375,841.0,37860816.0
2022-04-28,860.0,878.0,798.9500122070312,798.9500122070312,29004435.0
2022-04-29,785.0,834.1500244140625,759.0499877929688,780.4000244140625,32673177.0
2022-05-02,758.0,783.0,748.2000122070312,753.5999755859375,11750710.0
2022-05-04,745.0,771.8499755859375,715.9500122070312,715.9500122070312,12572099.0
2022-05-05,681.0,694.4500122070312,680.2000122070312,680.2000122070312,1088061.0
2022-05-06,646.2000122070312,660.0,646.2000122070312,646.2000122070312,2695071.0
2022-05-09,613.9000244140625,613.9000244140625,613.9000244140625,613.9000244140625,624222.0
2022-05-10,583.25,583.25,583.25,583.25,978990.0
2022-05-11,554.0999755859375,612.4000244140625,554.0999755859375,612.4000244140625,6256562.0
2022-05-12,589.0,612.0,581.7999877929688,581.7999877929688,3280219.0
2022-05-13,595.0,608.2000122070312,555.25,568.5999755859375,2779961.0
2022-05-16,559.4500122070312,595.0,540.2000122070312,577.4000244140625,2551705.0
2022-05-17,584.0,606.25,579.9000244140625,606.25,1723099.0
2022-05-18,635.0,636.5499877929688,628.0,636.5499877929688,984525.0
2022-05-19,628.0,668.3499755859375,604.75,668.1500244140625,4692335.0
2022-05-20,689.9000244140625,701.5499877929688,685.0,701.5499877929688,1327185.0
2022-05-23,732.0,736.5999755859375,721.0,736.5999755859375,2321841.0
2022-05-24,769.0,769.0,699.7999877929688,699.7999877929688,4060741.0
2022-05-25,666.0,684.4000244140625,664.8499755859375,664.8499755859375,1260744.0
2022-05-26,636.0,698.0499877929688,631.6500244140625,698.0499877929688,2297423.0
2022-05-27,709.0,729.9500122070312,676.5999755859375,710.1500244140625,2998870.0
2022-05-30,719.7999877929688,723.7000122070312,690.0,696.4000244140625,1894859.0
2022-05-31,670.0,691.0999755859375,661.5999755859375,668.5499877929688,1897011.0
2022-06-01,657.0,675.0,635.1500244140625,645.8499755859375,2009818.0
2022-06-02,644.0,678.0999755859375,631.0,678.0999755859375,1887742.0
2022-06-03,687.0,688.0,651.5999755859375,662.75,1525390.0
2022-06-06,665.0,690.0499877929688,636.0,679.8499755859375,1438315.0
2022-06-07,666.25,675.0,655.0,662.8499755859375,851786.0
2022-06-08,669.0,669.0,650.0,651.7000122070312,933358.0
2022-06-09,650.0,658.9000244140625,632.9000244140625,643.2000122070312,1148628.0
2022-06-10,629.0,639.7999877929688,620.5,622.5999755859375,1052098.0
2022-06-13,591.5,612.7999877929688,591.5,591.5,2232214.0
2022-06-14,590.0,621.0499877929688,580.0,621.0,1786917.0
2022-06-15,631.1500244140625,649.0,621.0,632.9000244140625,940691.0
2022-06-16,648.0,650.0,601.2999877929688,601.2999877929688,1342407.0
2022-06-17,581.0,621.4000244140625,571.5,584.7000122070312,6004473.0
2022-06-20,579.0,587.7000122070312,555.5,555.5,1690266.0
2022-06-21,555.0,579.5,532.6500244140625,574.0499877929688,1533006.0
2022-06-22,567.0,573.7000122070312,551.5,559.0499877929688,762390.0
2022-06-23,555.0,571.9000244140625,550.2000122070312,558.8499755859375,852711.0
2022-06-24,566.9000244140625,586.75,561.0,585.0499877929688,1085340.0
2022-06-27,599.0,609.7999877929688,592.0,598.4000244140625,1020577.0
2022-06-28,587.0499877929688,603.0,582.25,592.0,694084.0
2022-06-29,584.0,597.0,572.0,584.4500122070312,579496.0
2022-06-30,585.0,593.9000244140625,571.25,574.1500244140625,758969.0
2022-07-01,571.0,590.0,558.0999755859375,586.0,980990.0
2022-07-04,588.8499755859375,594.0,575.5,580.5999755859375,649489.0
2022-07-05,592.0,592.0,581.0,582.0499877929688,822251.0
2022-07-06,580.25,587.4000244140625,574.0,576.7000122070312,1011855.0
2022-07-07,582.0,599.0,580.0,595.9000244140625,1209630.0
2022-07-08,595.7000122070312,595.7000122070312,581.0,588.2999877929688,573367.0
2022-07-11,584.0,617.7000122070312,580.0,617.6500244140625,2029258.0
2022-07-12,610.7000122070312,648.5,608.0,648.2999877929688,2448406.0
2022-07-13,661.2999877929688,667.0,630.7000122070312,639.0,1650122.0
2022-07-14,639.0,644.7000122070312,611.0,627.8499755859375,926766.0
2022-07-15,631.0,644.0,616.0999755859375,623.7000122070312,609670.0
2022-07-18,629.0,635.5,620.0,623.5,672360.0
2022-07-19,595.2000122070312,621.0,595.2000122070312,617.25,830374.0
2022-07-20,624.8499755859375,628.0,611.7999877929688,614.0499877929688,874479.0
2022-07-21,615.25,621.0,613.0,615.0,556245.0
2022-07-22,620.0,621.7999877929688,610.0,611.5499877929688,620535.0
2022-07-25,611.0,638.0999755859375,600.0,622.2999877929688,1075997.0
2022-07-26,630.0,645.0,615.5499877929688,634.0499877929688,1754433.0
2022-07-27,631.0,650.0,623.0,645.6500244140625,1108726.0
2022-07-28,648.7000122070312,657.0,635.0,645.4500122070312,1274752.0
2022-07-29,650.0499877929688,665.0,640.0,658.7999877929688,2051352.0
2022-08-01,660.0,691.7000122070312,655.0,691.7000122070312,2550658.0
2022-08-02,724.0,724.0,692.25,709.8499755859375,2731848.0
2022-08-03,712.0,714.4000244140625,676.0,697.9000244140625,1934068.0
2022-08-04,683.0,718.0,679.0,692.7999877929688,2455100.0
2022-08-05,693.0,703.0,671.0,674.5,1521515.0
2022-08-08,669.0,680.0,652.0,665.5999755859375,1158499.0
2022-08-10,662.0,675.0,659.0,667.0,855572.0
2022-08-11,675.5,676.0,660.2000122070312,662.2000122070312,727260.0
2022-08-12,660.0999755859375,667.9500122070312,657.0,660.9000244140625,746051.0
2022-08-16,693.9000244140625,693.9000244140625,680.0499877929688,693.9000244140625,4377972.0
2022-08-17,700.0,723.7000122070312,699.5499877929688,708.9000244140625,5804715.0
2022-08-18,709.9000244140625,736.7999877929688,702.9000244140625,731.5499877929688,7286706.0
2022-08-19,736.7999877929688,761.5999755859375,723.0499877929688,733.7999877929688,7951280.0
2022-08-22,733.7999877929688,740.0,713.0499877929688,724.4000244140625,5111365.0
2022-08-23,713.0,724.3499755859375,688.2000122070312,690.0499877929688,5749579.0
2022-08-24,680.0,687.0,663.9500122070312,677.9000244140625,4141226.0
2022-08-25,679.0,706.7000122070312,679.0,686.0499877929688,3040841.0
2022-08-26,696.0,700.0,678.5,682.6500244140625,1902555.0
2022-08-29,655.0,699.0,655.0,683.2000122070312,3072094.0
2022-08-30,692.0,702.0,687.0,692.1500244140625,2323376.0
2022-09-01,689.0,696.4500122070312,681.4500122070312,683.2999877929688,1818618.0
2022-09-02,687.7000122070312,691.8499755859375,675.0499877929688,676.4000244140625,1441457.0
2022-09-05,680.2000122070312,684.2999877929688,670.0,670.8499755859375,1386420.0
2022-09-06,674.0,701.5,665.0,691.5,3307095.0
2022-09-07,688.0,706.7000122070312,686.5,698.3499755859375,2771232.0
2022-09-08,704.7999877929688,708.75,695.0999755859375,696.7000122070312,1677011.0
2022-09-09,701.9500122070312,715.0,697.2000122070312,703.5999755859375,3197290.0
2022-09-12,712.0999755859375,734.7999877929688,711.0499877929688,729.7000122070312,5254631.0
2022-09-13,735.8499755859375,744.0,718.0,721.8499755859375,3471491.0
2022-09-14,712.5999755859375,725.7000122070312,706.8499755859375,708.7000122070312,2672338.0
2022-09-15,715.5999755859375,735.7000122070312,702.3499755859375,730.4000244140625,3981260.0
2022-09-16,739.0,743.7000122070312,704.0,721.9500122070312,4018178.0
2022-09-19,726.7000122070312,743.5,712.2000122070312,733.0,4202247.0
2022-09-20,742.0,769.6500244140625,740.5999755859375,769.6500244140625,3888432.0
2022-09-21,793.0,808.0999755859375,738.0,781.7999877929688,19255724.0
2022-09-22,784.0,820.8499755859375,763.9500122070312,815.9500122070312,9333238.0
2022-09-23,828.9500122070312,841.7000122070312,792.2000122070312,809.9500122070312,8596406.0
2022-09-26,812.7999877929688,819.2000122070312,769.5,769.5,9041128.0
2022-09-27,769.9000244140625,782.7999877929688,736.6500244140625,751.5499877929688,6148645.0
2022-09-28,737.0,763.0,731.0,734.2999877929688,3718478.0
2022-09-29,750.0,761.0,736.0999755859375,745.8499755859375,3181847.0
2022-09-30,748.0,767.2999877929688,735.0499877929688,755.5,3568857.0
2022-10-03,754.9500122070312,764.9500122070312,717.75,717.75,4478444.0
2022-10-04,730.0,736.5999755859375,686.0,711.0499877929688,7522019.0
2022-10-06,723.1500244140625,746.5999755859375,715.0,746.5999755859375,3712267.0
2022-10-07,754.0499877929688,761.7000122070312,741.75,750.9500122070312,3873046.0
2022-10-10,741.0,758.25,735.5499877929688,740.25,3580781.0
2022-10-11,748.0,750.9000244140625,716.1500244140625,718.9000244140625,2543214.0
2022-10-12,726.0,727.7999877929688,692.0,708.3499755859375,3425164.0
2022-10-13,696.0,702.0,680.6500244140625,683.7999877929688,3852695.0
2022-10-14,700.0,702.5,630.2000122070312,654.8499755859375,3980730.0
2022-10-17,655.0,676.5,636.2000122070312,661.25,5269766.0
2022-10-18,668.7999877929688,697.0,665.0,692.7000122070312,4330387.0
2022-10-19,700.9500122070312,716.8499755859375,692.1500244140625,696.2000122070312,4063210.0
2022-10-20,691.2000122070312,699.5,683.1500244140625,693.5,2114063.0
2022-10-21,702.2000122070312,703.7000122070312,677.5,682.2999877929688,1756549.0
2022-10-24,693.0,694.0,686.0,688.4000244140625,559848.0
2022-10-25,689.0,689.0,675.0499877929688,678.4000244140625,1075083.0
2022-10-27,683.7999877929688,685.0,665.0,670.5499877929688,1668705.0
2022-10-28,672.0,694.0,664.0499877929688,671.0499877929688,2049394.0
2022-10-31,674.9500122070312,681.0499877929688,667.0,672.4000244140625,1347016.0
2022-11-01,678.7000122070312,724.2999877929688,672.1500244140625,716.4500122070312,7386356.0
2022-11-02,722.4000244140625,730.0,696.0,698.75,5093989.0
2022-11-03,692.9500122070312,708.7000122070312,678.6500244140625,682.2999877929688,4653694.0
2022-11-04,672.2999877929688,693.7999877929688,667.0,684.5499877929688,4267362.0
2022-11-07,687.9000244140625,694.0,680.5,684.0,2412228.0
2022-11-09,690.0,703.4000244140625,683.7999877929688,688.7000122070312,2886575.0
2022-11-10,684.0,688.2000122070312,677.0,679.75,1392887.0
2022-11-11,688.7000122070312,690.5499877929688,671.1500244140625,675.2999877929688,1490967.0
2022-11-14,671.2000122070312,678.4000244140625,665.0,667.75,1620233.0
2022-11-15,669.2000122070312,674.0,665.0,668.0499877929688,1172371.0
2022-11-16,670.2000122070312,672.8499755859375,651.0,653.0999755859375,1812221.0
2022-11-17,653.0,658.2999877929688,645.0499877929688,647.5499877929688,1417564.0
2022-11-18,650.0,652.75,635.0,636.5999755859375,1292186.0
2022-11-21,633.7999877929688,635.5999755859375,620.0,621.2000122070312,1410288.0
2022-11-22,622.9000244140625,642.9500122070312,615.0499877929688,637.25,1981078.0
2022-11-23,642.9000244140625,648.0,634.0,640.5499877929688,1223140.0
2022-11-24,640.5999755859375,643.8499755859375,631.2000122070312,632.4500122070312,956519.0
2022-11-25,633.0,642.0,630.0999755859375,631.5,1328014.0
2022-11-28,631.0,641.0,628.0499877929688,630.5999755859375,1079637.0
2022-11-29,630.0,635.0,620.0,622.75,1049196.0
2022-11-30,624.0,634.0,623.0,630.3499755859375,1127679.0
2022-12-01,636.0,668.4000244140625,633.5,647.4000244140625,4043896.0
2022-12-02,649.9000244140625,653.6500244140625,639.0,641.4000244140625,1375382.0
2022-12-05,642.9500122070312,646.5,635.0,639.7000122070312,1074443.0
2022-12-06,639.0,661.0,636.3499755859375,648.1500244140625,2736249.0
2022-12-07,647.0,662.9000244140625,646.2000122070312,651.7000122070312,2662884.0
2022-12-08,656.7999877929688,664.9000244140625,650.2999877929688,652.7000122070312,1265394.0
2022-12-09,656.0,661.25,632.0499877929688,639.0999755859375,1746933.0
2022-12-12,640.0,645.0,634.0999755859375,638.5999755859375,1159625.0
2022-12-13,641.7999877929688,666.0,640.0,651.25,4167135.0
2022-12-14,654.0,655.25,645.5499877929688,646.6500244140625,1201310.0
2022-12-15,645.9500122070312,653.9500122070312,640.0,641.6500244140625,1482082.0
2022-12-16,638.0,652.2999877929688,630.0,636.25,2950809.0
2022-12-19,639.5,640.0,626.25,629.4000244140625,1279734.0
2022-12-20,626.6500244140625,635.5,617.5499877929688,622.5999755859375,1461360.0
2022-12-21,625.75,630.9000244140625,580.7999877929688,588.0999755859375,3477994.0
2022-12-22,594.4000244140625,597.8499755859375,548.0,552.5999755859375,5191349.0
2022-12-23,540.0,549.9500122070312,497.3999938964844,499.6499938964844,7533918.0
2022-12-26,505.5,524.5999755859375,492.5499877929688,524.5999755859375,3587337.0
2022-12-27,544.0,550.7999877929688,542.2000122070312,550.7999877929688,2452403.0
2022-12-28,578.2999877929688,578.2999877929688,572.25,578.2999877929688,1060556.0
2022-12-29,600.0,607.2000122070312,585.5999755859375,605.2000122070312,5672387.0
2022-12-30,614.0,627.7999877929688,609.0,617.6500244140625,3993319.0
2023-01-02,618.4500122070312,623.2999877929688,598.0,603.9500122070312,1904864.0
2023-01-03,606.4000244140625,611.8499755859375,595.0499877929688,600.2999877929688,1217265.0
2023-01-04,599.5,599.5,582.0,584.3499755859375,1596696.0
2023-01-05,589.0,589.75,570.0,573.9500122070312,1615969.0
2023-01-06,573.8499755859375,573.8499755859375,562.7999877929688,568.3499755859375,1385827.0
2023-01-09,577.5,596.75,574.0,585.5499877929688,2765775.0
2023-01-10,586.0,588.7999877929688,564.4500122070312,571.4500122070312,1452148.0
2023-01-11,585.0,596.8499755859375,578.2000122070312,580.2000122070312,1709903.0
2023-01-12,583.9000244140625,583.9000244140625,570.0,571.4000244140625,1003738.0
2023-01-13,572.9500122070312,577.5,568.2000122070312,573.2999877929688,1116306.0
2023-01-16,575.0,578.2000122070312,563.75,568.2999877929688,863149.0
2023-01-17,567.9500122070312,577.25,565.0,572.25,1032218.0
2023-01-18,573.9500122070312,573.9500122070312,565.0499877929688,566.0,870228.0
2023-01-19,560.9000244140625,563.6500244140625,555.5499877929688,558.3499755859375,853177.0
2023-01-20,559.7999877929688,559.9000244140625,552.4500122070312,554.4500122070312,668493.0
2023-01-23,556.6500244140625,560.0,541.0,545.9000244140625,865429.0
2023-01-24,548.0999755859375,573.1500244140625,547.0,572.6500244140625,3755007.0
2023-01-25,572.5,573.6500244140625,544.0499877929688,544.0499877929688,3376652.0
2023-01-27,525.0,527.6500244140625,516.8499755859375,516.8499755859375,981654.0
2023-01-30,491.0,500.0,491.0,491.0,3176559.0
2023-01-31,466.4500122070313,466.4500122070313,466.4500122070313,466.4500122070313,879002.0
2023-02-01,475.0,488.7000122070313,443.1499938964844,443.1499938964844,10404690.0
2023-02-02,421.0,421.0,421.0,421.0,362700.0
2023-02-03,399.9500122070313,399.9500122070313,399.9500122070313,399.9500122070313,807229.0
2023-02-06,379.9500122070313,379.9500122070313,379.9500122070313,379.9500122070313,665662.0
2023-02-07,360.9500122070313,398.8999938964844,360.9500122070313,398.8999938964844,17681627.0
2023-02-08,416.2999877929688,418.7999877929688,415.0,418.7999877929688,919480.0
2023-02-09,439.7000122070313,439.7000122070313,406.2999877929688,439.7000122070313,12704925.0
2023-02-10,434.7999877929688,456.9500122070313,417.75,435.8999938964844,8116825.0
2023-02-13,425.0,443.2000122070313,414.1000061035156,414.1000061035156,3499118.0
2023-02-14,393.3999938964844,401.5,393.3999938964844,393.3999938964844,2889765.0
2023-02-15,385.0,408.8999938964844,383.25,397.5499877929688,5281042.0
2023-02-16,410.0,417.3999938964844,406.7000122070313,417.3999938964844,7344862.0
2023-02-17,422.1000061035156,438.25,418.8500061035156,438.25,4909261.0
2023-02-20,438.9500122070313,455.0,421.0,429.7999877929688,6612934.0
2023-02-21,434.25,442.9500122070313,408.3500061035156,410.8500061035156,4314226.0
2023-02-22,409.0,409.0,390.2999877929688,390.2999877929688,3393638.0
2023-02-23,374.0,394.2999877929688,370.7999877929688,374.2999877929688,6272834.0
2023-02-24,376.0,387.3999938964844,357.25,362.5499877929688,4274178.0
2023-02-27,360.0,362.1000061035156,344.45001220703125,344.45001220703125,2731387.0
2023-02-28,328.0,361.6499938964844,327.25,361.6499938964844,14317673.0
2023-03-01,369.0,379.7000122070313,368.8999938964844,379.7000122070313,992060.0
2023-03-02,398.6499938964844,398.6499938964844,380.0,398.6499938964844,7268869.0
2023-03-03,417.4500122070313,418.5499877929688,415.1499938964844,418.5499877929688,952505.0
2023-03-06,439.4500122070313,439.4500122070313,439.4500122070313,439.4500122070313,755826.0
2023-03-08,448.25,461.3999938964844,425.75,461.3999938964844,9279040.0
2023-03-09,479.8999938964844,484.4500122070313,463.1499938964844,474.3999938964844,16404681.0
2023-03-10,455.0,469.0,450.7000122070313,453.5,7471742.0
2023-03-13,450.0,471.75,432.1499938964844,435.5,5813550.0
2023-03-14,443.0,444.0,413.75,414.0,5125469.0
2023-03-15,418.75,434.7000122070313,408.3500061035156,426.7999877929688,7078235.0
2023-03-16,422.0,431.0,414.2000122070313,420.6499938964844,2731224.0
2023-03-17,429.3999938964844,439.0,423.8999938964844,427.6499938964844,2423287.0
2023-03-20,423.0,423.0,409.2999877929688,413.8500061035156,2158387.0
2023-03-21,419.75,425.7999877929688,410.25,418.75,2787019.0
2023-03-22,420.75,428.3999938964844,418.0499877929688,419.7999877929688,1894070.0
2023-03-23,418.8500061035156,435.5,415.0,421.2999877929688,3167155.0
2023-03-24,428.5499877929688,428.5499877929688,406.5,407.7000122070313,2942880.0
2023-03-27,409.0,411.7999877929688,387.3500061035156,387.5,2784324.0
2023-03-28,387.0,387.0,368.1499938964844,368.1499938964844,2613054.0
2023-03-29,358.0,386.5499877929688,357.3999938964844,386.5499877929688,6223991.0
2023-03-31,401.9500122070313,405.8500061035156,399.0499877929688,405.8500061035156,4081988.0
2023-04-03,405.8500061035156,407.75,391.2000122070313,395.7000122070313,3348736.0
2023-04-05,394.9500122070313,405.5,391.8500061035156,396.9500122070313,2052727.0
2023-04-06,399.0,414.75,396.3500061035156,409.2000122070313,3426105.0
2023-04-10,412.0,419.6499938964844,408.0499877929688,410.0,2208915.0
2023-04-11,412.25,426.0,412.25,416.6499938964844,3076342.0
2023-04-12,418.7999877929688,420.6000061035156,410.6499938964844,412.2999877929688,1839128.0
2023-04-13,412.2999877929688,415.0,408.3999938964844,410.5,1164398.0
2023-04-17,410.5,414.0,404.3999938964844,406.8999938964844,1524545.0
2023-04-18,407.0,410.5499877929688,401.2999877929688,403.4500122070313,960774.0
2023-04-19,405.7999877929688,417.0,398.8500061035156,408.2999877929688,1750568.0
2023-04-20,410.75,415.8999938964844,407.0499877929688,411.5,2142458.0
2023-04-21,411.5499877929688,412.9500122070313,403.5,404.2999877929688,1289899.0
2023-04-24,405.75,405.75,398.2000122070313,399.7000122070313,1045860.0
2023-04-25,400.2000122070313,414.8999938964844,399.0,403.2999877929688,2637540.0
2023-04-26,405.8500061035156,408.3999938964844,401.0,403.4500122070313,1301597.0
2023-04-27,403.2999877929688,407.5,400.5,402.1499938964844,1314856.0
2023-04-28,404.75,418.2000122070313,403.0499877929688,411.8500061035156,3529935.0
2023-05-02,414.5,423.2000122070313,413.2000122070313,415.4500122070313,2441446.0
2023-05-03,414.6000061035156,419.0,390.2999877929688,397.4500122070313,4578768.0
2023-05-04,392.6000061035156,401.5,389.0499877929688,399.0,1678816.0
2023-05-05,400.0,403.5499877929688,396.0499877929688,397.0,1147292.0
2023-05-08,399.3999938964844,400.0,392.0,393.25,1414041.0
2023-05-09,394.5,397.2000122070313,390.0,390.2999877929688,935375.0
2023-05-10,391.0,393.8999938964844,387.75,388.8500061035156,607567.0
2023-05-11,393.0,401.8999938964844,392.5,395.25,1420899.0
2023-05-12,398.0,398.0499877929688,391.6000061035156,392.25,706405.0
2023-05-15,394.9500122070313,394.9500122070313,385.0,386.7000122070313,820378.0
2023-05-16,386.5,392.5,382.2999877929688,383.1499938964844,906136.0
2023-05-17,388.7999877929688,388.7999877929688,377.5,385.75,946145.0
2023-05-18,388.2000122070313,388.2000122070313,377.0,378.0,837536.0
2023-05-19,378.75,412.2000122070313,366.0,403.9500122070313,6990238.0
2023-05-22,416.0,444.2999877929688,413.1000061035156,444.2999877929688,9234176.0
2023-05-23,469.7999877929688,488.7000122070313,468.2999877929688,488.7000122070313,13103654.0
2023-05-24,499.0,509.0,464.2999877929688,464.2999877929688,12837676.0
2023-05-25,453.2000122070313,468.9500122070313,442.6499938964844,452.0499877929688,5556002.0
2023-05-26,455.0,457.8999938964844,447.25,450.3999938964844,2297571.0
2023-05-29,455.9500122070313,457.6499938964844,444.3999938964844,447.6499938964844,1481961.0
2023-05-30,449.0,449.3999938964844,435.0,435.7000122070313,1301678.0
2023-05-31,432.9500122070313,450.0,425.5499877929688,436.1000061035156,2571533.0
2023-06-01,440.0,448.3500061035156,440.0,442.0499877929688,1825488.0
2023-06-02,444.0,446.7000122070313,436.0,437.5499877929688,1215288.0
2023-06-05,440.0,440.9500122070313,431.0,432.25,1707574.0
2023-06-06,435.7999877929688,437.3999938964844,428.5499877929688,429.6499938964844,1098423.0
2023-06-07,436.0,442.0,433.0,433.7999877929688,1848769.0
2023-06-08,436.0,437.0,428.7999877929688,429.75,1373618.0
2023-06-09,431.0,432.8999938964844,424.75,425.5499877929688,1078061.0
2023-06-12,426.0,427.8500061035156,420.7999877929688,422.25,984979.0
2023-06-13,423.25,425.3999938964844,418.0499877929688,419.1000061035156,927783.0
2023-06-14,420.1000061035156,424.0,418.0,418.5,922993.0
2023-06-15,424.0,437.8999938964844,422.6000061035156,431.1499938964844,2488565.0
2023-06-16,433.3999938964844,435.7000122070313,418.0,419.3500061035156,2857160.0
2023-06-19,420.2000122070313,423.8999938964844,416.2999877929688,419.3500061035156,1245437.0
2023-06-20,419.3500061035156,421.8999938964844,415.0,417.1000061035156,869554.0
2023-06-21,418.25,423.7000122070313,416.5499877929688,418.5,1005144.0
2023-06-22,419.4500122070313,422.4500122070313,408.2999877929688,418.1499938964844,1558796.0
2023-06-23,416.7000122070313,416.8999938964844,402.1000061035156,404.0,1944691.0
2023-06-26,400.0,410.75,394.0,406.8999938964844,1288275.0
2023-06-27,409.0499877929688,411.2999877929688,406.0,406.5499877929688,609697.0
2023-06-28,409.1499938964844,416.5,407.2999877929688,414.0499877929688,1397787.0
2023-06-30,415.3999938964844,417.7999877929688,409.25,409.9500122070313,1029091.0
2023-07-03,413.8500061035156,413.8500061035156,405.6000061035156,406.25,899110.0
2023-07-04,406.4500122070313,415.3999938964844,405.6000061035156,407.8999938964844,1040901.0
2023-07-05,407.8999938964844,410.0,406.2000122070313,406.9500122070313,788982.0
2023-07-06,409.9500122070313,412.5,406.1000061035156,407.0,1054692.0
2023-07-07,407.0,408.2999877929688,401.7999877929688,403.8999938964844,763419.0
2023-07-10,403.8999938964844,407.8999938964844,396.2999877929688,400.7000122070313,1501529.0
2023-07-11,402.0,405.8999938964844,401.3999938964844,402.0,702017.0
2023-07-12,404.5,405.3500061035156,400.1000061035156,401.6000061035156,676793.0
2023-07-13,402.1000061035156,404.0,397.0,398.75,876459.0
2023-07-14,403.9500122070313,403.9500122070313,397.5,398.7000122070313,845027.0
2023-07-17,402.5,410.9500122070313,401.0499877929688,402.6000061035156,1426265.0
2023-07-18,404.0,414.5,402.1499938964844,406.0499877929688,1905701.0
2023-07-19,407.0,409.4500122070313,400.0,401.3500061035156,1040685.0
2023-07-20,401.6000061035156,403.3999938964844,400.2999877929688,401.3999938964844,698744.0
2023-07-21,401.3999938964844,403.8500061035156,399.1000061035156,399.8500061035156,891058.0
2023-07-24,403.6000061035156,403.6000061035156,398.0,398.5499877929688,730674.0
2023-07-25,399.0,419.6499938964844,398.0,416.75,4321691.0
2023-07-26,419.3999938964844,422.7000122070313,412.5499877929688,413.3999938964844,3248464.0
2023-07-27,415.6000061035156,416.7999877929688,405.4500122070313,407.5,1008306.0
2023-07-28,407.5,413.7000122070313,400.0,406.7000122070313,1301848.0
2023-07-31,408.0,416.3999938964844,407.3500061035156,411.8999938964844,1625215.0
2023-08-01,414.0,416.4500122070313,408.3999938964844,413.1000061035156,1149582.0
2023-08-02,412.0,414.4500122070313,395.6499938964844,400.5,2378610.0
2023-08-03,396.0,400.5,388.2000122070313,397.2000122070313,2294230.0
2023-08-04,398.0499877929688,402.0,396.8999938964844,398.1000061035156,812495.0
2023-08-07,401.7999877929688,402.0,390.0,394.2999877929688,1177593.0
2023-08-08,394.8999938964844,396.3999938964844,390.0,392.9500122070313,1210905.0
2023-08-09,375.25,384.7999877929688,375.25,378.1499938964844,5535060.0
2023-08-10,376.1000061035156,384.0,372.0,373.2999877929688,3080541.0
2023-08-11,388.0,390.0,381.3999938964844,383.1000061035156,2303623.0
2023-08-14,378.9500122070313,379.7999877929688,371.2000122070313,375.7999877929688,1282172.0
2023-08-16,375.0,376.25,369.1000061035156,370.1000061035156,1195922.0
2023-08-17,370.1000061035156,373.8999938964844,366.7999877929688,368.1000061035156,1264158.0
2023-08-18,368.1000061035156,393.5499877929688,367.0,381.9500122070313,5306006.0
2023-08-21,382.0,391.8999938964844,381.0,382.5,2739213.0
2023-08-22,385.0,389.0,377.0,378.8999938964844,2180081.0
2023-08-23,382.0,383.0,373.2000122070313,374.8500061035156,1820623.0
2023-08-24,378.1000061035156,381.0,375.0,375.6000061035156,1209180.0
2023-08-25,377.0,378.75,373.0,373.5499877929688,1039562.0
2023-08-28,373.5499877929688,378.0,370.3999938964844,371.6000061035156,984070.0
2023-08-29,372.3500061035156,374.8500061035156,368.2999877929688,370.3999938964844,1394066.0
2023-08-30,372.5,373.1000061035156,368.6499938964844,368.9500122070313,1087363.0
2023-08-31,368.25,368.25,358.0,359.5,2190297.0
2023-09-01,354.8500061035156,357.0,348.0,352.25,3418923.0
2023-09-04,355.1499938964844,357.70001220703125,351.20001220703125,351.8500061035156,1853264.0
2023-09-05,353.70001220703125,355.0,350.0,350.3999938964844,1614088.0
2023-09-06,351.0,355.29998779296875,348.3999938964844,352.6499938964844,2208978.0
2023-09-07,353.79998779296875,355.5,352.29998779296875,353.0,1267899.0
2023-09-08,354.25,361.7999877929688,352.5,354.6000061035156,2293208.0
2023-09-11,358.45001220703125,368.2000122070313,355.3999938964844,363.7999877929688,3939397.0
2023-09-12,368.5,369.5,352.25,353.45001220703125,2104982.0
2023-09-13,354.95001220703125,358.70001220703125,350.29998779296875,352.29998779296875,1201859.0
2023-09-14,356.04998779296875,356.04998779296875,352.0,352.6499938964844,976710.0
2023-09-15,354.6499938964844,354.6499938964844,351.6499938964844,352.29998779296875,878952.0
2023-09-18,354.45001220703125,358.04998779296875,351.0,351.6000061035156,1334125.0
2023-09-20,351.6000061035156,352.6499938964844,349.0,349.25,885643.0
2023-09-21,349.25,351.1499938964844,345.79998779296875,346.25,929624.0
2023-09-22,346.5,348.3999938964844,342.0,342.79998779296875,874464.0
2023-09-25,344.0,345.54998779296875,339.8999938964844,340.20001220703125,861396.0
2023-09-26,340.20001220703125,347.75,339.5,341.8500061035156,756091.0
2023-09-27,343.6000061035156,344.6499938964844,340.25,341.54998779296875,556402.0
2023-09-28,342.0,344.1499938964844,338.0,338.79998779296875,797043.0
2023-09-29,340.04998779296875,341.70001220703125,337.0,337.3999938964844,647550.0
2023-10-03,338.29998779296875,338.3500061035156,332.70001220703125,333.3999938964844,915189.0
2023-10-04,333.3999938964844,364.0,332.6000061035156,352.79998779296875,8003426.0
2023-10-05,355.79998779296875,358.79998779296875,346.54998779296875,350.0,1937238.0
2023-10-06,352.95001220703125,355.0,347.0,349.04998779296875,1261269.0
2023-10-09,342.1000061035156,343.3999938964844,335.79998779296875,337.04998779296875,1429316.0
2023-10-10,337.25,348.8999938964844,337.20001220703125,345.8999938964844,1251808.0
2023-10-11,349.0,354.0,347.75,348.54998779296875,983621.0
2023-10-12,349.95001220703125,353.0,348.0,348.70001220703125,562174.0
2023-10-13,348.0,349.3999938964844,344.0,344.3999938964844,800721.0
2023-10-16,344.3999938964844,346.1499938964844,341.1000061035156,341.75,537842.0
2023-10-17,344.25,346.1499938964844,341.6000061035156,342.1499938964844,607246.0
2023-10-18,342.1499938964844,343.8999938964844,338.5,339.20001220703125,521923.0
2023-10-19,338.54998779296875,341.75,335.0,338.1499938964844,646916.0
2023-10-20,340.0,341.6000061035156,335.04998779296875,335.8500061035156,496643.0
2023-10-23,335.8500061035156,337.29998779296875,323.0,325.20001220703125,1211617.0
2023-10-25,328.0,332.5,318.0,320.3500061035156,1031276.0
2023-10-26,320.3500061035156,320.3500061035156,303.1000061035156,317.5,1621419.0
2023-10-27,321.0,335.75,320.29998779296875,331.3999938964844,1272301.0
2023-10-30,333.70001220703125,334.3999938964844,326.1499938964844,328.70001220703125,833574.0
2023-10-31,330.0,331.95001220703125,325.1000061035156,326.6000061035156,528865.0
2023-11-01,327.0,332.0,313.0,315.3999938964844,1946403.0
2023-11-02,315.3500061035156,322.95001220703125,311.8500061035156,315.95001220703125,1892363.0
2023-11-03,318.25,322.5,317.0,317.3999938964844,802628.0
2023-11-06,317.95001220703125,320.8999938964844,311.29998779296875,312.0,1430479.0
2023-11-07,309.79998779296875,309.79998779296875,304.04998779296875,304.5,2754359.0
2023-11-08,304.54998779296875,312.3500061035156,304.5,306.1499938964844,1468075.0
2023-11-09,307.0,307.8999938964844,300.0,300.54998779296875,1428993.0
2023-11-10,300.3500061035156,300.54998779296875,293.0,293.3999938964844,2470854.0
2023-11-13,298.95001220703125,299.75,294.0,295.1000061035156,910497.0
2023-11-15,295.25,299.0,295.04998779296875,296.54998779296875,1191632.0
2023-11-16,296.54998779296875,298.5,294.29998779296875,297.20001220703125,1120058.0
2023-11-17,298.5,298.6000061035156,294.5,295.0,881014.0
2023-11-20,295.0,317.04998779296875,285.79998779296875,310.70001220703125,5475091.0
2023-11-21,314.0,327.5,314.0,319.79998779296875,6570568.0
2023-11-22,320.0,322.3999938964844,311.04998779296875,314.3500061035156,1782582.0
2023-11-23,318.0,320.79998779296875,314.0,315.3999938964844,1056512.0
2023-11-24,315.3999938964844,321.0,310.79998779296875,316.95001220703125,2001218.0
2023-11-28,320.1000061035156,348.6000061035156,320.1000061035156,348.45001220703125,16678984.0
2023-11-29,357.0,371.9500122070313,344.0,347.29998779296875,12432730.0
2023-11-30,349.79998779296875,349.79998779296875,337.1000061035156,340.6499938964844,2821944.0
2023-12-01,343.79998779296875,347.0,339.0,340.25,2140231.0
2023-12-04,361.0,364.7999877929688,344.3500061035156,346.25,3412455.0
2023-12-05,348.0,380.8500061035156,342.3500061035156,380.6499938964844,23471509.0
2023-12-06,387.0,410.5,385.0,396.3500061035156,23410807.0
2023-12-07,398.0,406.0,390.25,395.6000061035156,7533237.0
2023-12-08,397.7000122070313,399.0,372.0499877929688,377.8999938964844,6850140.0
2023-12-11,379.75,382.9500122070313,369.0,374.2999877929688,4205380.0
2023-12-12,375.8500061035156,379.5,371.2999877929688,373.7000122070313,2271626.0
2023-12-13,374.7999877929688,374.9500122070313,363.4500122070313,365.4500122070313,2727607.0
2023-12-14,367.75,374.5,367.75,370.0499877929688,1871370.0
2023-12-15,372.8999938964844,373.8999938964844,367.7000122070313,369.25,1964938.0
2023-12-18,371.8999938964844,371.8999938964844,365.25,366.7999877929688,1273909.0
2023-12-19,367.0499877929688,369.2000122070313,361.0499877929688,363.0,1654248.0
2023-12-20,364.7999877929688,369.6000061035156,344.0,345.95001220703125,3136444.0
2023-12-21,339.54998779296875,353.0,336.1000061035156,351.29998779296875,1703123.0
2023-12-22,353.5,369.7000122070313,353.25,365.25,3648100.0
2023-12-26,365.4500122070313,368.0,360.25,363.1000061035156,1522711.0
2023-12-27,365.7000122070313,366.9500122070313,356.0,357.8999938964844,1773339.0
2023-12-28,360.1000061035156,360.2999877929688,353.0,354.1000061035156,1377610.0
2023-12-29,354.1000061035156,356.70001220703125,352.6000061035156,354.8999938964844,1402154.0
2024-01-01,356.75,375.6000061035156,355.04998779296875,367.0,3843900.0
2024-01-02,369.0499877929688,370.7000122070313,361.0,366.6000061035156,1767457.0
2024-01-03,382.0,397.7999877929688,376.3500061035156,380.9500122070313,18543241.0
2024-01-04,386.9500122070313,389.3999938964844,381.0,381.6000061035156,2615581.0
2024-01-05,383.3999938964844,383.6499938964844,376.0,377.7000122070313,2316000.0
2024-01-08,378.0,378.7000122070313,368.6000061035156,370.4500122070313,1884609.0
2024-01-09,373.0,378.3999938964844,371.0,372.1499938964844,1624709.0
2024-01-10,373.0,374.1000061035156,367.5,369.6499938964844,1539317.0
2024-01-11,371.0,372.75,368.5,369.3500061035156,950598.0
2024-01-12,371.0,371.2000122070313,367.0,367.6000061035156,1233417.0
2024-01-15,367.6000061035156,367.6000061035156,367.6000061035156,367.6000061035156,0.0
2024-01-16,363.4500122070313,364.0,358.1000061035156,360.5,1157077.0
2024-01-17,355.0,358.5,353.20001220703125,355.8500061035156,1282462.0
2024-01-18,355.0,363.4500122070313,348.54998779296875,356.6000061035156,1383535.0
2024-01-19,357.8500061035156,360.1499938964844,354.0,354.70001220703125,812083.0
2024-01-23,366.7999877929688,368.0,351.0,351.70001220703125,1641849.0
2024-01-24,353.0,354.3999938964844,346.54998779296875,349.70001220703125,1215375.0
2024-01-25,351.5,355.0,350.1000061035156,351.0,1018148.0
2024-01-29,352.95001220703125,364.25,351.8999938964844,360.6499938964844,2266795.0
2024-01-30,363.0,363.6499938964844,356.0,357.1000061035156,1326663.0
2024-01-31,358.0,363.0,354.0,355.45001220703125,2398210.0
2024-02-01,355.20001220703125,358.54998779296875,350.0,350.8500061035156,1752886.0
2024-02-02,354.70001220703125,359.04998779296875,350.0,350.29998779296875,1532480.0
2024-02-05,354.95001220703125,354.95001220703125,342.3999938964844,343.3500061035156,1834038.0
2024-02-06,346.75,351.0,340.70001220703125,343.20001220703125,1257367.0
2024-02-07,344.8999938964844,358.0,344.04998779296875,355.04998779296875,3522792.0
2024-02-08,357.0,357.45001220703125,347.95001220703125,348.6499938964844,1287732.0
2024-02-09,349.0,354.3999938964844,342.3500061035156,344.95001220703125,1199105.0
2024-02-12,346.8999938964844,348.3999938964844,337.0,338.3999938964844,1142901.0
2024-02-13,340.0,340.0,328.79998779296875,333.79998779296875,963337.0
2024-02-14,332.0,341.1499938964844,330.45001220703125,337.8500061035156,1019035.0
2024-02-15,340.79998779296875,344.0,336.0,337.04998779296875,861690.0
2024-02-16,339.0,353.0,336.6499938964844,346.5,2547871.0
2024-02-19,348.0,374.75,347.8500061035156,366.4500122070313,8004738.0
2024-02-20,369.3500061035156,378.9500122070313,361.7999877929688,369.7000122070313,5721766.0
2024-02-21,370.7000122070313,373.0,356.3500061035156,360.6000061035156,2925334.0
2024-02-22,363.3500061035156,363.3999938964844,355.6000061035156,360.6499938964844,1330394.0
2024-02-23,362.1000061035156,393.7000122070313,362.0499877929688,389.9500122070313,22868786.0
2024-02-26,391.0,408.9500122070313,386.1000061035156,398.7000122070313,17113132.0
2024-02-27,400.7999877929688,403.7000122070313,386.0,387.8500061035156,5944017.0
2024-02-28,388.7000122070313,398.7000122070313,380.0,381.5499877929688,6361852.0
2024-02-29,380.9500122070313,384.75,372.75,381.6499938964844,3172514.0
2024-03-01,385.0,388.7000122070313,378.0,381.1499938964844,2306169.0
2024-03-04,388.5,388.7999877929688,372.0,375.2999877929688,2068156.0
2024-03-05,375.8500061035156,378.3999938964844,365.0,366.0,2098762.0
2024-03-06,366.6000061035156,372.2999877929688,356.29998779296875,361.3500061035156,2233595.0
2024-03-07,363.3500061035156,367.75,361.0499877929688,362.4500122070313,1118321.0
2024-03-11,364.0,364.25,352.0,352.8500061035156,1539837.0
2024-03-12,354.0,358.8999938964844,343.79998779296875,347.1000061035156,2473806.0
2024-03-13,348.8999938964844,353.70001220703125,325.3500061035156,332.54998779296875,3833297.0
2024-03-14,333.0,350.0,324.8500061035156,347.45001220703125,2508962.0
2024-03-15,348.5,355.79998779296875,341.5,344.1499938964844,2180481.0
2024-03-18,338.04998779296875,341.5,334.20001220703125,337.3500061035156,1526899.0
2024-03-19,338.79998779296875,344.6499938964844,334.1000061035156,335.29998779296875,1444260.0
2024-03-20,337.04998779296875,339.5,330.0,330.95001220703125,1373270.0
2024-03-21,334.45001220703125,337.5,332.5,333.70001220703125,1222130.0
2024-03-22,335.0,338.04998779296875,334.04998779296875,335.70001220703125,1503391.0
2024-03-26,336.0,341.6000061035156,330.5,331.25,2004044.0
2024-03-27,333.0,335.3999938964844,321.6499938964844,323.5,3554876.0
2024-03-28,327.0,330.95001220703125,320.1000061035156,321.3999938964844,2237150.0
2024-04-01,328.0,342.0,326.1499938964844,340.20001220703125,3007473.0
2024-04-02,341.04998779296875,362.5,337.25,354.1499938964844,6117873.0
2024-04-03,352.95001220703125,360.7000122070313,351.1499938964844,353.70001220703125,2381515.0
2024-04-04,356.3999938964844,358.79998779296875,352.04998779296875,354.5,1654777.0
2024-04-05,354.0,355.25,350.25,352.20001220703125,1269063.0
2024-04-08,363.0,366.7000122070313,354.6000061035156,356.3999938964844,2576180.0
2024-04-09,357.95001220703125,358.5,351.54998779296875,352.20001220703125,921028.0
2024-04-10,352.8999938964844,354.3999938964844,348.6499938964844,350.6499938964844,897962.0
2024-04-12,348.8500061035156,351.0,344.1000061035156,345.04998779296875,1196013.0
2024-04-15,335.95001220703125,341.95001220703125,331.25,336.29998779296875,1360743.0
2024-04-16,332.0,339.8500061035156,332.0,336.20001220703125,874725.0
2024-04-18,339.29998779296875,342.70001220703125,334.8500061035156,336.1000061035156,989250.0
2024-04-19,332.79998779296875,336.95001220703125,330.1000061035156,335.3999938964844,847877.0
2024-04-22,340.0,341.25,337.1000061035156,338.70001220703125,795858.0
2024-04-23,340.0,349.1000061035156,339.5,342.1000061035156,1431610.0
2024-04-24,343.95001220703125,345.0,342.45001220703125,343.6499938964844,742111.0
2024-04-25,342.0,343.8500061035156,340.54998779296875,342.25,728211.0
2024-04-26,343.95001220703125,347.0,342.3500061035156,342.8500061035156,774168.0
2024-04-29,344.70001220703125,348.45001220703125,342.70001220703125,343.1499938964844,935698.0
2024-04-30,345.1000061035156,359.5,345.1000061035156,357.6000061035156,4020028.0
2024-05-02,361.0,361.2999877929688,350.70001220703125,351.45001220703125,2632127.0
2024-05-03,348.0,351.8999938964844,342.6000061035156,344.25,1392909.0
2024-05-06,344.0,345.0,336.0,337.79998779296875,1045201.0
2024-05-07,338.0,346.20001220703125,335.5,338.0,1542634.0
2024-05-08,338.0,340.95001220703125,335.54998779296875,337.0,750561.0
2024-05-09,338.0,341.6000061035156,330.0,330.8999938964844,1122343.0
2024-05-10,333.0,334.95001220703125,327.29998779296875,332.3500061035156,663071.0
2024-05-13,334.1000061035156,334.8999938964844,327.5,330.8999938964844,827737.0
2024-05-14,334.70001220703125,342.45001220703125,332.0,338.54998779296875,1752983.0
2024-05-15,315.0,343.70001220703125,292.0,329.45001220703125,71401006.0
2024-05-16,342.5,362.3500061035156,341.0,361.1000061035156,26767907.0
2024-05-17,365.0,371.2999877929688,345.20001220703125,351.1499938964844,11970918.0
2024-05-21,345.1000061035156,349.70001220703125,337.0,342.70001220703125,3451610.0
2024-05-22,342.04998779296875,348.75,336.0,343.3500061035156,2578275.0
2024-05-23,342.0,346.0,330.6000061035156,333.3500061035156,1932691.0
2024-05-24,331.3500061035156,344.04998779296875,330.75,341.8999938964844,1967592.0
2024-05-27,342.70001220703125,343.70001220703125,334.04998779296875,340.3500061035156,1155410.0
2024-05-28,340.0,343.70001220703125,329.20001220703125,331.3999938964844,1531935.0
2024-05-29,330.0,340.5,330.0,338.79998779296875,1311578.0
2024-05-30,340.0,347.20001220703125,338.6000061035156,340.04998779296875,2451103.0
2024-05-31,344.0,345.0,338.45001220703125,343.5,1070427.0
2024-06-03,352.0,352.0,342.29998779296875,347.8999938964844,1412802.0
2024-06-04,345.0,345.8999938964844,315.0,334.8999938964844,2827855.0
2024-06-05,335.0,341.79998779296875,316.0,339.20001220703125,899800.0
2024-06-06,345.0,354.20001220703125,342.0,346.1000061035156,1353606.0
2024-06-07,346.1000061035156,369.0,343.04998779296875,366.2000122070313,3637561.0
2024-06-10,365.0,398.0,365.0,385.5499877929688,3766316.0
2024-06-11,397.2999877929688,404.0,376.0499877929688,380.1000061035156,3261149.0
2024-06-12,383.0,392.8999938964844,377.7999877929688,390.75,1980788.0
2024-06-13,395.0,397.75,386.1000061035156,395.5,1523716.0
2024-06-14,398.0,431.8500061035156,396.5,420.1499938964844,4444304.0
2024-06-18,425.3999938964844,432.4500122070313,409.5,413.8500061035156,1689479.0
2024-06-19,418.0,419.2000122070313,400.3999938964844,402.75,1546366.0
2024-06-20,404.0,424.2000122070313,393.5,397.25,2661359.0
2024-06-21,399.0,408.5,386.7000122070313,396.2000122070313,1422794.0
2024-06-24,394.0,400.6499938964844,385.5499877929688,388.2000122070313,1187350.0
2024-06-25,390.1000061035156,394.0,385.0,390.2999877929688,893183.0
2024-06-26,392.3999938964844,412.5,389.2000122070313,407.75,2187950.0
2024-06-27,410.2000122070313,428.6000061035156,405.1499938964844,413.1499938964844,2066538.0
2024-06-28,416.0499877929688,417.2999877929688,402.1499938964844,408.75,757998.0
2024-07-01,408.5499877929688,430.0,406.2000122070313,418.8500061035156,1283257.0
2024-07-02,417.9500122070313,426.0,411.6499938964844,422.6000061035156,1118761.0
2024-07-03,428.0,445.9500122070313,421.8500061035156,440.0499877929688,2692765.0
2024-07-04,441.8999938964844,445.4500122070313,430.0,438.1000061035156,1483252.0
2024-07-05,436.7999877929688,447.5499877929688,420.2999877929688,435.3500061035156,1568529.0
2024-07-08,437.2000122070313,443.0,430.0499877929688,431.7999877929688,510741.0
2024-07-09,432.2999877929688,438.4500122070313,425.1000061035156,429.5499877929688,409922.0
2024-07-10,427.0,432.3999938964844,414.0499877929688,419.8999938964844,739036.0
2024-07-11,422.8500061035156,429.5499877929688,422.8500061035156,426.25,391995.0
2024-07-12,428.8500061035156,444.8999938964844,425.0,438.7999877929688,1378258.0
2024-07-15,440.3999938964844,449.0,424.3999938964844,445.8500061035156,3518244.0
2024-07-16,448.5,472.3999938964844,447.8500061035156,457.0499877929688,2490403.0
2024-07-18,473.0,484.0,462.1000061035156,465.8999938964844,2092007.0
2024-07-19,465.8999938964844,470.0,444.6499938964844,450.3999938964844,1500766.0
2024-07-22,447.8999938964844,481.5,442.5499877929688,476.8500061035156,1660095.0
2024-07-23,480.2000122070313,486.9500122070313,429.2000122070313,460.0499877929688,2633081.0
2024-07-24,459.4500122070313,480.0499877929688,453.0499877929688,461.8500061035156,1195222.0
2024-07-25,454.2999877929688,464.5,444.0,447.1499938964844,567289.0
2024-07-26,449.7000122070313,455.9500122070313,441.1000061035156,443.6499938964844,1322078.0
2024-07-29,445.1000061035156,462.3999938964844,445.1000061035156,459.1499938964844,794542.0
2024-07-30,459.0,465.75,445.2000122070313,452.5,746458.0
2024-07-31,452.5,459.9500122070313,437.8999938964844,446.4500122070313,744074.0
2024-08-01,447.8999938964844,453.8500061035156,437.1000061035156,439.7000122070313,344318.0
2024-08-02,434.1000061035156,438.0,425.6499938964844,427.1499938964844,436277.0
2024-08-05,415.1000061035156,420.0,401.25,406.8999938964844,703432.0
2024-08-06,418.0,423.8500061035156,400.6000061035156,402.3999938964844,421429.0
2024-08-07,410.1499938964844,424.4500122070313,407.25,412.7000122070313,451245.0
2024-08-08,415.0,431.8999938964844,410.0499877929688,418.4500122070313,955736.0
2024-08-09,431.75,432.8999938964844,423.1499938964844,427.2999877929688,598058.0
2024-08-12,440.0,440.0,420.25,421.75,698916.0
2024-08-13,415.0,420.2000122070313,396.0499877929688,400.25,1578326.0
2024-08-14,402.8999938964844,402.8999938964844,383.5,385.5,750852.0
2024-08-16,388.5,401.7000122070313,381.8500061035156,394.3999938964844,1371483.0
2024-08-19,396.8500061035156,398.0499877929688,390.0499877929688,393.9500122070313,1195049.0
2024-08-20,396.0,399.0,389.2999877929688,391.2000122070313,342003.0
2024-08-21,391.0499877929688,408.2999877929688,388.7999877929688,405.1499938964844,986821.0
2024-08-22,408.0,412.8500061035156,405.0499877929688,407.4500122070313,464512.0
2024-08-23,408.9500122070313,410.3500061035156,399.3999938964844,400.6499938964844,318688.0
2024-08-26,403.8999938964844,403.8999938964844,390.0499877929688,397.6000061035156,620650.0
2024-08-27,398.6499938964844,405.8500061035156,394.7999877929688,397.25,701604.0
2024-08-28,400.0,401.0,385.2000122070313,386.7000122070313,998237.0
2024-08-29,387.0,395.1000061035156,376.1000061035156,383.8999938964844,1253683.0
2024-08-30,388.7000122070313,389.3999938964844,381.3999938964844,384.4500122070313,558284.0
2024-09-02,385.0499877929688,391.75,384.4500122070313,389.7999877929688,821886.0
2024-09-03,404.4500122070313,428.4500122070313,403.0,418.9500122070313,5274081.0
2024-09-04,415.0,420.6499938964844,411.25,416.5,1366308.0
2024-09-05,419.0,435.8999938964844,413.2000122070313,433.6499938964844,1657070.0
2024-09-06,434.7000122070313,451.4500122070313,433.0499877929688,443.4500122070313,2383466.0
2024-09-09,444.4500122070313,444.5,422.0,428.3999938964844,975765.0
2024-09-10,430.0,439.9500122070313,428.3999938964844,437.2000122070313,521744.0
2024-09-11,435.0499877929688,442.5,433.0,436.7000122070313,1007520.0
2024-09-12,439.7999877929688,462.0,439.0,457.7999877929688,1644626.0
2024-09-13,458.7000122070313,476.0,457.3999938964844,462.7999877929688,1793954.0
2024-09-16,469.0,477.0,458.0,466.6000061035156,1404325.0
2024-09-17,467.75,470.1499938964844,453.75,455.5,842245.0
2024-09-18,455.8999938964844,464.0,451.7999877929688,457.5499877929688,807540.0
2024-09-19,462.0,466.8500061035156,454.7000122070313,459.7000122070313,1222907.0
2024-09-20,460.7000122070313,466.0,452.0499877929688,464.25,981248.0
2024-09-23,489.0,503.1499938964844,469.3999938964844,498.8999938964844,3692511.0
2024-09-24,500.7999877929688,516.7999877929688,494.3999938964844,510.4500122070313,3160160.0
2024-09-25,508.2000122070313,512.0499877929688,496.0,506.9500122070313,1104931.0
2024-09-26,506.4500122070313,506.4500122070313,476.0,479.6499938964844,1175115.0
2024-09-27,474.0,497.5,473.4500122070313,488.3500061035156,1228488.0
2024-09-30,482.0,494.4500122070313,463.3999938964844,469.25,1185222.0
2024-10-01,479.8999938964844,479.8999938964844,453.6499938964844,458.0499877929688,1540248.0
2024-10-03,450.0,463.6499938964844,442.0,443.3999938964844,728469.0
2024-10-04,443.7000122070313,449.3999938964844,428.5,435.5,847770.0
2024-10-07,444.3999938964844,447.9500122070313,421.9500122070313,428.1499938964844,1020494.0
2024-10-08,430.0,470.9500122070313,425.2000122070313,449.0499877929688,2878166.0
2024-10-09,453.2999877929688,464.8999938964844,437.0,439.3999938964844,1299224.0
2024-10-10,449.8999938964844,449.8999938964844,437.9500122070313,440.7000122070313,584569.0
2024-10-11,440.7000122070313,444.0,439.0,440.8999938964844,221260.0
2024-10-14,443.2999877929688,460.5,441.0,444.9500122070313,1291764.0
2024-10-15,447.7000122070313,463.7000122070313,445.0499877929688,458.5,1317273.0
2024-10-16,453.2999877929688,455.3999938964844,445.5,446.75,618054.0
2024-10-17,447.7999877929688,453.4500122070313,435.25,437.7000122070313,548081.0
2024-10-18,432.6499938964844,439.9500122070313,425.3500061035156,439.0499877929688,359586.0
2024-10-21,439.0499877929688,449.1499938964844,420.4500122070313,430.0499877929688,615050.0
2024-10-22,435.0,440.0,415.2000122070313,419.25,557834.0
2024-10-23,417.6499938964844,426.8999938964844,410.0,420.0,417947.0
2024-10-24,424.8999938964844,424.8999938964844,412.2999877929688,414.7000122070313,247185.0
2024-10-25,416.0,431.0,410.2999877929688,419.6000061035156,1505479.0
2024-10-28,415.0,434.0,408.0,431.0499877929688,534345.0
2024-10-29,425.5,455.0,425.5,450.3999938964844,567618.0
2024-10-30,445.2999877929688,463.2000122070313,445.2999877929688,452.6000061035156,738542.0
2024-10-31,452.3999938964844,454.0,437.1499938964844,439.5,308749.0
2024-11-01,446.3500061035156,447.7999877929688,442.1499938964844,444.6499938964844,49297.0
2024-11-04,440.7000122070313,454.0,439.3500061035156,451.3999938964844,613766.0
2024-11-05,450.3999938964844,455.7000122070313,442.3500061035156,449.6499938964844,429474.0
2024-11-06,450.0,460.0,443.1499938964844,457.2000122070313,595293.0
2024-11-07,462.0,471.8500061035156,458.1499938964844,464.1000061035156,1429876.0
2024-11-08,469.0,477.5,456.0,459.8500061035156,769062.0
2024-11-11,458.6499938964844,458.7999877929688,432.0,435.8500061035156,873304.0
2024-11-12,436.75,439.8999938964844,427.75,428.9500122070313,535823.0
2024-11-13,428.8999938964844,429.6000061035156,415.75,423.8999938964844,410688.0
2024-11-14,424.75,451.0,424.0,434.8500061035156,1857926.0
2024-11-18,434.0499877929688,434.7000122070313,419.0499877929688,422.3999938964844,448369.0
2024-11-19,426.0,432.7999877929688,419.0,424.25,449073.0
2024-11-21,423.7000122070313,433.0,410.3500061035156,422.9500122070313,1096990.0
2024-11-22,424.0,424.4500122070313,413.0499877929688,416.7999877929688,422079.0
2024-11-25,425.5,428.6499938964844,393.1000061035156,400.25,4134336.0
2024-11-26,402.8999938964844,409.7000122070313,400.0499877929688,406.2000122070313,603462.0
2024-11-27,406.0,428.0,406.0,423.8999938964844,1654793.0
2024-11-28,423.5,434.7000122070313,416.1499938964844,418.0499877929688,828000.0
2024-11-29,419.3999938964844,435.0,418.1499938964844,432.75,1426164.0
2024-12-02,431.1000061035156,437.0,425.7999877929688,433.3500061035156,416903.0
2024-12-03,435.7000122070313,444.0,433.3500061035156,435.4500122070313,501369.0
2024-12-04,437.5499877929688,442.0499877929688,432.0499877929688,440.5499877929688,322512.0
2024-12-05,441.7000122070313,444.25,432.25,434.1499938964844,277481.0
2024-12-06,435.1000061035156,435.75,426.75,430.1499938964844,424497.0
2024-12-09,430.2999877929688,431.9500122070313,423.0,426.5,289458.0
2024-12-10,428.0,434.4500122070313,420.2000122070313,422.2000122070313,442610.0
2024-12-11,423.0,426.4500122070313,417.7000122070313,418.5,332386.0
2024-12-12,419.3999938964844,438.6000061035156,418.0499877929688,435.7000122070313,2341591.0
2024-12-13,434.3999938964844,440.0,432.3500061035156,438.75,646357.0
2024-12-16,438.0,440.0,429.3999938964844,437.0499877929688,529020.0
2024-12-17,436.9500122070313,438.6499938964844,427.9500122070313,429.9500122070313,372420.0
2024-12-18,428.4500122070313,449.9500122070313,426.0499877929688,433.75,2048925.0
2024-12-19,427.9500122070313,428.9500122070313,421.7000122070313,424.8500061035156,455230.0
2024-12-20,425.0,434.7999877929688,422.5,424.25,485373.0
2024-12-23,425.9500122070313,432.3999938964844,419.25,425.6000061035156,314361.0
2024-12-24,422.0,426.7000122070313,421.0,423.0499877929688,220760.0
2024-12-26,422.0,427.0,420.9500122070313,426.2000122070313,333825.0
2024-12-27,427.6499938964844,427.8999938964844,423.1499938964844,424.5499877929688,282837.0
2024-12-30,424.5499877929688,437.9500122070313,419.1000061035156,434.25,406055.0
2024-12-31,430.7000122070313,431.0499877929688,420.25,422.6000061035156,298514.0
2025-01-01,422.9500122070313,426.3999938964844,419.0,419.7999877929688,268266.0
2025-01-02,421.8999938964844,424.3500061035156,419.3500061035156,421.2000122070313,208986.0
2025-01-03,421.9500122070313,430.3999938964844,421.8999938964844,428.2000122070313,347572.0
2025-01-06,428.75,428.75,419.0,421.1499938964844,247737.0
2025-01-07,421.1000061035156,426.0,419.9500122070313,424.0499877929688,218934.0
2025-01-08,425.1499938964844,426.8999938964844,420.5,422.8500061035156,157593.0
2025-01-09,422.8500061035156,425.0,420.5499877929688,422.4500122070313,158750.0
2025-01-10,420.0499877929688,443.8500061035156,419.0499877929688,422.9500122070313,1383406.0
2025-01-13,421.3999938964844,429.1499938964844,398.2999877929688,405.7000122070313,613533.0
2025-01-14,409.7999877929688,415.3999938964844,403.6000061035156,404.9500122070313,421874.0
2025-01-15,408.3999938964844,410.0,395.9500122070313,397.2000122070313,503364.0
2025-01-16,401.0,408.5,392.6000061035156,395.5,418995.0
2025-01-17,414.5,418.0,394.0,397.25,2300423.0
2025-01-20,399.3999938964844,402.8500061035156,390.0,395.8500061035156,292764.0
2025-01-21,398.3999938964844,406.25,395.0,401.5499877929688,556453.0
2025-01-22,403.7000122070313,410.0499877929688,389.9500122070313,399.2000122070313,313945.0
2025-01-23,394.0,402.8999938964844,392.7000122070313,395.5499877929688,428454.0
2025-01-24,396.75,398.3999938964844,382.4500122070313,384.6499938964844,187325.0
2025-01-27,376.0499877929688,381.0,361.6000061035156,364.1499938964844,671606.0
2025-01-28,365.4500122070313,400.5499877929688,346.04998779296875,391.1000061035156,2004271.0
2025-01-29,389.1000061035156,399.25,378.0,397.4500122070313,558659.0
2025-01-30,392.0,398.2000122070313,385.8500061035156,387.3999938964844,192714.0
2025-01-31,389.8500061035156,399.7000122070313,388.75,398.5,162426.0
2025-02-01,399.75,405.75,390.7999877929688,394.9500122070313,277461.0
2025-02-03,390.0,400.0,381.0,390.8500061035156,219384.0
2025-02-04,390.9500122070313,396.0,387.1000061035156,392.0,154067.0
2025-02-05,394.0,396.8999938964844,389.5,391.25,182412.0
2025-02-06,392.9500122070313,396.0,385.8999938964844,392.9500122070313,233553.0
2025-02-07,399.0,411.5,398.1499938964844,401.1499938964844,2693439.0
2025-02-10,399.5499877929688,403.9500122070313,383.0499877929688,384.2999877929688,446934.0
2025-02-11,385.0,388.7999877929688,376.25,384.8999938964844,575705.0
2025-02-12,384.9500122070313,391.2999877929688,367.75,389.5499877929688,657938.0
2025-02-13,388.2999877929688,395.75,383.7999877929688,392.7999877929688,407013.0
2025-02-14,393.75,394.0,373.7999877929688,384.5,493262.0
2025-02-17,384.0,396.0,377.25,392.6499938964844,551303.0
2025-02-18,392.6499938964844,394.9500122070313,380.8500061035156,391.3999938964844,229263.0
2025-02-19,385.6000061035156,394.2000122070313,382.25,385.1499938964844,283477.0
2025-02-20,385.1499938964844,390.9500122070313,375.0,381.0,487920.0
2025-02-21,378.0,389.7999877929688,377.0,379.75,232952.0
2025-02-24,378.75,379.75,364.1000061035156,366.25,261078.0
2025-02-25,361.6000061035156,385.2999877929688,361.6000061035156,379.1000061035156,810223.0
2025-02-27,379.1000061035156,388.75,378.0,383.1499938964844,987652.0
2025-02-28,382.7000122070313,387.0,372.5499877929688,380.7000122070313,1463490.0
2025-03-03,379.9500122070313,387.0,369.2000122070313,377.4500122070313,690217.0
2025-03-04,369.9500122070313,382.9500122070313,367.1000061035156,380.5499877929688,923372.0
2025-03-05,381.7000122070313,390.0,379.9500122070313,388.5,326977.0
2025-03-06,393.7000122070313,404.9500122070313,388.7000122070313,400.8500061035156,497380.0
2025-03-07,400.0,433.1000061035156,398.0499877929688,426.7000122070313,1158243.0
2025-03-10,427.8999938964844,437.0,416.0499877929688,426.8999938964844,416749.0
2025-03-11,414.0499877929688,445.0,414.0,431.7999877929688,1282636.0
2025-03-12,430.7999877929688,436.8500061035156,421.0499877929688,425.2999877929688,259186.0
2025-03-13,425.0,427.7000122070313,412.0,414.6499938964844,247095.0
2025-03-17,417.6499938964844,426.0,414.25,416.6499938964844,357113.0
2025-03-18,416.6499938964844,416.6499938964844,416.6499938964844,416.6499938964844,0.0
2025-03-19,429.2999877929688,444.75,428.1000061035156,443.2000122070313,596383.0
2025-03-20,444.0,447.9500122070313,421.0,429.8999938964844,940460.0
2025-03-21,427.8999938964844,441.75,408.6499938964844,417.4500122070313,6158771.0
2025-03-24,415.0,419.2999877929688,409.0,413.1499938964844,995545.0
2025-03-25,415.0,415.0,401.0,406.3500061035156,921721.0
2025-03-26,406.8999938964844,409.2999877929688,399.3500061035156,403.25,409873.0
2025-03-27,412.3500061035156,428.0,403.25,423.5,2571261.0
2025-03-28,425.0,429.5,419.1000061035156,424.8500061035156,1071741.0
2025-04-01,424.9500122070313,425.7000122070313,419.0,423.2999877929688,216205.0
2025-04-02,430.0,446.0,421.75,443.9500122070313,1133405.0
2025-04-03,432.0,461.0,432.0,458.6499938964844,1517316.0
2025-04-04,457.6000061035156,467.8999938964844,433.8500061035156,449.8500061035156,2091355.0
2025-04-07,415.0,436.25,405.0,430.2000122070313,1166773.0
2025-04-08,445.0,457.0,433.6499938964844,454.2000122070313,1396632.0
2025-04-09,455.75,462.7999877929688,450.6499938964844,459.3999938964844,993387.0
2025-04-11,465.9500122070313,468.3500061035156,454.0499877929688,463.3999938964844,541790.0
2025-04-15,471.9500122070313,472.3999938964844,463.6000061035156,467.7000122070313,481923.0
2025-04-16,470.0,489.0,465.7000122070313,485.1000061035156,707156.0
2025-04-17,485.1000061035156,491.2999877929688,480.8999938964844,485.3500061035156,645436.0
2025-04-21,486.0,487.8500061035156,471.0,479.75,935707.0
2025-04-22,479.75,483.9500122070313,470.5,472.0499877929688,436743.0
2025-04-23,475.9500122070313,487.3999938964844,463.2000122070313,479.2000122070313,924907.0
2025-04-24,480.0,481.5,466.0,468.3500061035156,548487.0
2025-04-25,468.3500061035156,474.9500122070313,448.0,456.75,510290.0
2025-04-28,458.0,473.6000061035156,455.0499877929688,470.25,428656.0
2025-04-29,474.7000122070313,482.0,471.25,476.5499877929688,357668.0
2025-04-30,469.0,476.8500061035156,464.3500061035156,467.0499877929688,503449.0
2025-05-02,463.7999877929688,475.2000122070313,463.7999877929688,470.25,254808.0
2025-05-05,471.9500122070313,479.4500122070313,468.5499877929688,474.8500061035156,197312.0
2025-05-06,478.7000122070313,479.0,455.7999877929688,464.6499938964844,369872.0
2025-05-07,444.9500122070313,459.1499938964844,444.5499877929688,454.5499877929688,460979.0
2025-05-08,462.0,462.5499877929688,446.8500061035156,453.75,576293.0
2025-05-09,435.0,445.5499877929688,434.8500061035156,440.9500122070313,379299.0
2025-05-12,465.0499877929688,465.0499877929688,438.8999938964844,441.6499938964844,835361.0
2025-05-13,450.25,462.7999877929688,444.1000061035156,460.5499877929688,713763.0
2025-05-14,463.6000061035156,465.5499877929688,449.0499877929688,450.5,672292.0
2025-05-15,450.5,453.9500122070313,444.7999877929688,447.0499877929688,417535.0
2025-05-16,444.5,459.0,443.0,457.3999938964844,742752.0
2025-05-19,457.3999938964844,458.9500122070313,445.5499877929688,448.5499877929688,400533.0
2025-05-20,451.9500122070313,453.1000061035156,437.0,438.6499938964844,221494.0
2025-05-21,438.75,444.3999938964844,438.6499938964844,440.75,261520.0
2025-05-22,442.8999938964844,446.1000061035156,431.1000061035156,434.5,288152.0
2025-05-23,435.0,448.1000061035156,432.5499877929688,444.8500061035156,391516.0
2025-05-26,446.8999938964844,452.0,443.25,449.25,312619.0
2025-05-27,451.8999938964844,451.8999938964844,444.0499877929688,445.0499877929688,145238.0
2025-05-28,446.9500122070313,451.4500122070313,438.2999877929688,439.6499938964844,364024.0
2025-05-29,441.7000122070313,443.7000122070313,426.4500122070313,430.1000061035156,712563.0
2025-05-30,430.1499938964844,447.0,430.1000061035156,444.25,660475.0
2025-06-02,445.0,447.1499938964844,438.4500122070313,441.9500122070313,164844.0
2025-06-03,442.1499938964844,447.2000122070313,437.5499877929688,441.5,151864.0
2025-06-04,440.1000061035156,444.5499877929688,436.7999877929688,441.2999877929688,241241.0
2025-06-05,444.5,448.0,441.0499877929688,443.7999877929688,275876.0
2025-06-06,446.0,456.0,443.0,449.4500122070313,686250.0
2025-06-09,455.2000122070313,460.8999938964844,449.2000122070313,452.9500122070313,585696.0
2025-06-10,456.6000061035156,457.1499938964844,450.8999938964844,452.5499877929688,385641.0
2025-06-11,454.7000122070313,455.6000061035156,442.0499877929688,445.9500122070313,523828.0
2025-06-12,447.0,448.1499938964844,440.3999938964844,442.0499877929688,293240.0
2025-06-13,433.0,439.0,433.0,437.7999877929688,284552.0
2025-06-16,435.0,447.0,432.0,443.6499938964844,414360.0
2025-06-17,445.5,447.2000122070313,441.5,445.7000122070313,352043.0
2025-06-18,445.7000122070313,445.8999938964844,438.6000061035156,440.1499938964844,310645.0
2025-06-19,442.2999877929688,445.9500122070313,435.0,436.3500061035156,226096.0
2025-06-20,435.0499877929688,440.8999938964844,432.5499877929688,437.5,429694.0
2025-06-23,435.0,448.0,434.0,442.8999938964844,305306.0
2025-06-24,449.6000061035156,449.6000061035156,411.2999877929688,434.25,417198.0
2025-06-25,434.25,443.7999877929688,430.2999877929688,441.5,368423.0
2025-06-26,440.0,445.8999938964844,438.5,444.0,346045.0
2025-06-27,445.0,451.1499938964844,443.1000061035156,444.2000122070313,280701.0
2025-06-30,449.8500061035156,460.0,446.1000061035156,454.6000061035156,921272.0
2025-07-01,455.1499938964844,468.0,452.9500122070313,463.8999938964844,662172.0
2025-07-02,464.2000122070313,469.7000122070313,455.6000061035156,465.0499877929688,393778.0
2025-07-03,465.0499877929688,467.9500122070313,458.1000061035156,463.6499938964844,545237.0
2025-07-04,464.9500122070313,468.5,453.6499938964844,460.25,224492.0
2025-07-07,460.0,462.4500122070313,451.2000122070313,455.0499877929688,797672.0
2025-07-08,455.0499877929688,459.3500061035156,447.0,450.6499938964844,600315.0
2025-07-09,451.6499938964844,454.0,448.1000061035156,449.3500061035156,232900.0
2025-07-10,457.9500122070313,462.5,448.0,453.1000061035156,732760.0
2025-07-11,454.5,461.4500122070313,449.1499938964844,451.7000122070313,1587728.0
2025-07-14,455.75,461.0499877929688,448.5,459.9500122070313,717536.0
2025-07-15,459.5,488.6499938964844,454.6000061035156,477.8999938964844,2803430.0
2025-07-16,477.0,509.3999938964844,475.0,504.6499938964844,4028062.0
2025-07-17,505.2000122070313,505.8500061035156,491.7999877929688,502.75,1031291.0
2025-07-18,504.5499877929688,508.0,494.0,504.7000122070313,801464.0
2025-07-21,520.0,525.6500244140625,507.6499938964844,516.3499755859375,2900922.0
2025-07-22,521.0,531.3499755859375,516.3499755859375,519.5999755859375,2289070.0
2025-07-23,520.0,524.9000244140625,510.2000122070313,516.75,597919.0
2025-07-24,518.75,518.7999877929688,508.2000122070313,511.7000122070313,373287.0
2025-07-25,511.75,512.6500244140625,494.9500122070313,496.3999938964844,628033.0
2025-07-28,525.0,537.5,513.2999877929688,516.5499877929688,7043073.0
2025-07-29,514.0,515.7000122070312,500.3999938964844,509.1000061035156,723337.0
2025-07-30,509.1000061035156,519.8499755859375,504.0499877929688,507.5499877929688,664455.0
2025-07-31,501.0,509.5499877929688,499.5499877929688,507.0499877929688,396541.0
2025-08-01,507.0,509.5499877929688,496.8500061035156,499.5,378776.0
2025-08-04,497.8999938964844,505.0,494.7000122070313,500.1000061035156,338255.0
2025-08-05,500.9500122070313,503.75,495.0499877929688,499.4500122070313,271958.0
2025-08-06,499.4500122070313,501.3999938964844,494.0499877929688,495.5499877929688,301568.0
2025-08-07,494.0,507.0,491.0,505.2999877929688,683146.0
2025-08-08,508.0,509.1499938964844,500.2000122070313,503.7999877929688,473098.0
2025-08-11,504.25,515.5499877929688,503.2999877929688,506.75,720819.0
2025-08-12,508.8999938964844,509.2999877929688,501.5499877929688,506.2000122070313,346873.0
2025-08-13,506.0,508.5,493.2999877929688,496.7000122070313,343291.0
2025-08-14,498.8999938964844,504.2999877929688,495.6000061035156,501.1000061035156,271904.0
2025-08-18,504.9500122070313,510.2999877929688,500.2000122070313,505.0499877929688,425863.0
2025-08-19,507.9500122070313,507.9500122070313,497.0499877929688,502.4500122070313,307345.0
2025-08-20,504.9500122070313,518.6500244140625,500.6000061035156,515.5,690420.0
2025-08-21,517.0,522.0,514.25,517.4500122070312,579560.0
2025-08-22,517.0,523.9500122070312,514.9000244140625,521.8499755859375,620900.0
2025-08-25,524.75,530.0,516.0,517.25,773811.0
2025-08-26,517.2000122070312,519.9500122070312,500.0499877929688,503.4500122070313,547684.0
2025-08-28,501.0499877929688,504.5499877929688,495.1000061035156,497.0,251622.0
2025-08-29,497.0,508.3500061035156,495.7000122070313,502.9500122070313,677688.0
2025-09-01,500.0,507.8999938964844,495.0499877929688,501.8500061035156,460313.0
2025-09-02,507.3999938964844,515.9500122070312,501.7999877929688,507.8999938964844,437605.0
2025-09-03,505.5,518.9000244140625,505.5,515.4000244140625,746754.0
2025-09-04,518.0,519.5999755859375,505.2999877929688,506.5,260577.0
2025-09-05,507.5,520.4500122070312,507.0,513.5499877929688,291208.0
2025-09-08,510.6000061035156,515.9000244140625,506.2000122070313,510.4500122070313,227750.0
2025-09-09,510.0,518.9500122070312,507.0,512.4000244140625,405773.0
2025-09-10,515.0,522.4000244140625,513.4000244140625,517.7999877929688,291837.0
2025-09-11,518.0,519.0,505.0499877929688,505.5499877929688,240010.0
2025-09-12,507.5,509.5,497.1499938964844,506.6499938964844,561094.0
2025-09-15,507.0,519.9500122070312,504.6499938964844,518.7999877929688,591860.0
2025-09-16,523.9500122070312,544.5,521.0,537.7999877929688,3319761.0
2025-09-17,544.0,546.0499877929688,532.0999755859375,538.2999877929688,879830.0
2025-09-18,541.1500244140625,541.8499755859375,534.0999755859375,538.5499877929688,362032.0
2025-09-19,538.5999755859375,542.0,530.2999877929688,539.1500244140625,339996.0
2025-09-22,539.1500244140625,539.9500122070312,523.5,527.5499877929688,429493.0
2025-09-23,529.9000244140625,538.5,522.5499877929688,535.3499755859375,379297.0
2025-09-24,537.5999755859375,547.7999877929688,531.0499877929688,539.8499755859375,964495.0
2025-09-25,539.9500122070312,541.4500122070312,524.4000244140625,526.7999877929688,306734.0
2025-09-26,525.0499877929688,529.4500122070312,509.2999877929688,511.8500061035156,733019.0
2025-09-29,515.0,526.0,510.1000061035156,511.5499877929688,302727.0
2025-09-30,513.5499877929688,519.1500244140625,506.6000061035156,510.25,278810.0
2025-10-01,512.6500244140625,517.0999755859375,508.9500122070313,510.0,309611.0
2025-10-03,510.0,512.5,503.4500122070313,509.9500122070313,710221.0
2025-10-06,509.8999938964844,527.5,509.3500061035156,517.7999877929688,676774.0
2025-10-07,519.7999877929688,520.0,511.0,512.9000244140625,220757.0
2025-10-08,512.0,516.9500122070312,506.0,513.25,225968.0
2025-10-09,515.25,522.9500122070312,512.0999755859375,513.75,364216.0
2025-10-10,514.7000122070312,520.5499877929688,513.5,515.5,203942.0
2025-10-13,514.5,518.5,507.0499877929688,513.7999877929688,142852.0
2025-10-14,514.0,519.0,509.1499938964844,516.25,257367.0
2025-10-15,516.0,516.2000122070312,510.0,510.6000061035156,171264.0
2025-10-16,514.4500122070312,514.4500122070312,506.0,508.1000061035156,455130.0
2025-10-17,509.2999877929688,510.9500122070313,501.0,503.7000122070313,538655.0
2025-10-20,506.0,542.0,502.25,513.75,630774.0
2025-10-21,516.4500122070312,521.0499877929688,511.7000122070313,515.6500244140625,83964.0
2025-10-23,513.0,513.6500244140625,506.1499938964844,508.4500122070313,231259.0
2025-10-24,509.7000122070313,525.0,506.0,522.5999755859375,639986.0
2025-10-27,525.0,525.9000244140625,510.0,511.2000122070313,312801.0
2025-10-28,513.4500122070312,515.0,510.2000122070313,512.0,110020.0
2025-10-29,517.1500244140625,517.1500244140625,510.0,514.7999877929688,186624.0
2025-10-30,516.7999877929688,516.9000244140625,510.5,513.5499877929688,96562.0
2025-10-31,513.5499877929688,516.9500122070312,509.0,509.8500061035156,176821.0
2025-11-03,511.1499938964844,519.9500122070312,509.0,509.2999877929688,286363.0
2025-11-04,509.2999877929688,511.9500122070313,507.0,509.2000122070313,241230.0
2025-11-05,509.2000122070313,509.2000122070313,509.2000122070313,509.2000122070313,0.0
2025-11-06,518.5,518.5,496.25,499.4500122070313,427161.0
2025-11-07,499.4500122070313,500.7999877929688,481.1000061035156,494.5499877929688,394063.0
2025-11-10,499.1000061035156,506.3999938964844,493.25,498.4500122070313,704272.0
2025-11-11,499.3500061035156,499.8999938964844,485.2000122070313,492.4500122070313,365056.0
2025-11-12,491.0499877929688,498.9500122070313,491.0499877929688,496.6000061035156,352474.0
2025-11-13,501.0,501.0,493.0,499.0,243234.0
2025-11-14,499.8500061035156,502.8999938964844,490.75,494.8999938964844,234381.0
2025-11-17,492.8999938964844,499.0499877929688,490.75,496.8500061035156,213446.0
2025-11-18,496.8500061035156,498.0,491.25,494.4500122070313,150820.0
2025-11-19,498.8500061035156,498.8500061035156,486.5,488.2000122070313,292611.0
2025-11-20,490.8999938964844,491.9500122070313,480.0,485.75,336741.0
2025-11-21,481.2000122070313,487.0,480.6000061035156,483.6000061035156,169017.0
2025-11-24,484.6000061035156,496.2000122070313,482.9500122070313,485.2000122070313,456616.0
2025-11-25,484.9500122070313,490.9500122070313,482.2000122070313,487.0499877929688,259941.0
2025-11-26,490.0,491.0499877929688,481.0,486.8500061035156,441630.0
2025-11-27,490.0,490.0,482.0,483.1499938964844,155408.0
2025-11-28,483.1499938964844,485.0499877929688,479.5,481.1499938964844,276890.0
2025-12-01,483.0,486.0499877929688,480.6499938964844,484.7999877929688,545360.0
2025-12-02,484.3500061035156,488.0,480.7999877929688,485.0499877929688,591022.0
2025-12-03,484.0,485.2999877929688,481.0,484.3500061035156,94265.0
2025-12-04,481.1000061035156,486.7999877929688,480.7999877929688,481.3500061035156,128765.0
2025-12-05,480.75,482.9500122070313,480.2000122070313,481.3999938964844,158348.0
2025-12-08,479.2999877929688,488.5,479.2999877929688,485.6499938964844,261142.0
2025-12-09,483.5,489.8500061035156,480.8999938964844,487.9500122070313,196601.0
2025-12-10,487.0,489.0,482.3500061035156,483.3999938964844,136132.0
2025-12-11,484.0,487.7999877929688,482.25,486.7000122070313,71354.0
2025-12-12,484.1499938964844,489.7000122070313,484.1499938964844,488.8999938964844,120204.0
2025-12-15,489.7999877929688,499.0,486.2999877929688,497.3500061035156,236627.0
2025-12-16,500.0,500.0,486.7000122070313,490.9500122070313,174325.0
2025-12-17,488.2999877929688,491.2000122070313,474.0499877929688,477.3999938964844,309436.0
2025-12-18,241.1000061035156,241.1999969482422,237.1999969482422,239.25,832985.0
2025-12-19,240.0,247.0,237.6999969482422,244.8500061035156,1309408.0
2025-12-22,245.0500030517578,247.8000030517578,244.0,244.6999969482422,275304.0
2025-12-23,488.5499877929688,489.5499877929688,480.5,480.8500061035156,170867.0
2025-12-24,480.8500061035156,487.9500122070313,480.6000061035156,486.8999938964844,357836.0
2025-12-26,237.75,237.75,235.5,236.9499969482422,1020301.0
2025-12-29,237.1000061035156,237.9499969482422,235.0,237.5,721262.0
2025-12-30,237.6999969482422,243.0,236.0500030517578,240.0,1430706.0
2025-12-31,241.0,241.0,236.4499969482422,237.3000030517578,1302431.0
2026-01-01,238.1000061035156,242.3999938964844,237.0,239.4499969482422,1249175.0
2026-01-02,1975.0,1993.699951171875,1921.5999755859373,1931.9000244140625,755936.0
2026-01-05,1938.699951171875,1969.699951171875,1904.699951171875,1966.199951171875,653667.0
2026-01-06,234.0,234.8000030517578,229.47000122070312,230.8000030517578,1346201.0
2026-01-07,230.0,233.5,228.5500030517578,229.0399932861328,1582618.0
2026-01-08,229.1000061035156,230.5800018310547,227.5,227.8500061035156,850152.0
2026-01-09,227.6000061035156,227.75,222.1000061035156,222.97999572753903,2379907.0
2026-01-12,477.0499877929688,481.1000061035156,472.6499938964844,478.2999877929688,195570.0
2026-01-13,221.0,225.5,219.009994506836,219.77999877929688,890658.0
2026-01-14,219.4900054931641,220.6300048828125,217.5,217.9100036621093,847879.0
2026-01-16,217.9100036621093,218.5,211.0,212.42999267578125,1831234.0
2026-01-19,212.0,214.44000244140625,206.9499969482422,212.0200042724609,1769407.0
2026-01-20,211.0,213.44000244140625,209.259994506836,210.0399932861328,1745251.0
2026-01-21,210.0,210.4600067138672,205.4199981689453,208.9100036621093,1653090.0
2026-01-22,210.19000244140625,212.8800048828125,208.509994506836,210.02999877929688,764013.0
2026-01-23,211.509994506836,211.509994506836,207.94000244140625,209.0599975585937,996826.0
2026-01-27,209.0599975585937,209.3000030517578,204.1199951171875,207.58999633789065,1171345.0
2026-01-28,207.9900054931641,210.8000030517578,206.1000061035156,209.7899932861328,1229507.0
2026-01-29,210.8999938964844,212.27999877929688,207.1000061035156,208.6300048828125,866606.0
2026-01-30,474.1499938964844,492.9500122070313,471.0,491.2999877929688,838634.0
2026-02-02,474.1499938964844,479.8999938964844,471.1000061035156,476.7999877929688,484749.0
2026-02-03,216.9499969482422,218.5200042724609,213.5,215.1199951171875,4237926.0
2026-02-04,214.0,220.0,212.1999969482422,216.8800048828125,1407053.0
2026-02-05,216.8099975585937,217.7400054931641,214.009994506836,214.77999877929688,530310.0
2026-02-06,212.1000061035156,213.1199951171875,209.3000030517578,211.3600006103516,945772.0
2026-02-10,477.0,479.75,472.5,473.5499877929688,460769.0
2026-02-11,473.5499877929688,477.2000122070313,471.0499877929688,472.6000061035156,271121.0
2026-02-12,209.7400054931641,209.9900054931641,205.6999969482422,206.3000030517578,980045.0
2026-02-13,205.0,205.4499969482422,200.1999969482422,201.57000732421875,1524148.0
2026-02-16,202.0,204.2400054931641,199.3999938964844,203.8999938964844,1091420.0
2026-02-17,204.0,207.6000061035156,203.0,204.0500030517578,1229815.0
2026-02-18,204.94000244140625,205.1699981689453,201.8000030517578,202.6699981689453,1170168.0
2026-02-19,203.1000061035156,203.44000244140625,199.08999633789065,199.77999877929688,915594.0
2026-02-23,479.3999938964844,484.9500122070313,467.7000122070313,470.0,462893.0
2026-02-24,198.0,198.009994506836,189.82000732421875,191.72999572753903,2699339.0
2026-02-25,194.0,194.69000244140625,189.6999969482422,190.72999572753903,2314223.0
2026-02-26,191.1000061035156,191.6199951171875,188.0800018310547,189.4100036621093,1421520.0
2026-02-27,188.8000030517578,190.0,188.1000061035156,189.1000061035156,1183632.0
2026-03-02,180.1999969482422,184.44000244140625,179.05999755859375,180.2899932861328,2796864.0
2026-03-04,180.11000061035156,186.5,178.02000427246094,179.6999969482422,3427320.0
2026-03-05,181.9900054931641,181.9900054931641,176.92999267578125,178.83999633789062,1863040.0
2026-03-06,179.02000427246094,181.9900054931641,176.94000244140625,177.24000549316406,1500655.0
2026-03-09,174.0,177.89999389648438,172.00999450683594,175.60000610351562,2105247.0
2026-03-10,177.00999450683594,180.9499969482422,176.2899932861328,179.00999450683594,3607100.0
2026-03-11,179.94000244140625,198.8099975585937,178.0,179.39999389648438,36726500.0
2026-03-12,181.0,181.1000061035156,175.60000610351562,176.14999389648438,5223989.0
2026-03-13,177.0,179.64999389648438,172.2100067138672,172.88999938964844,3318069.0
2026-03-16,173.0,175.9600067138672,171.19000244140625,172.3000030517578,2928899.0
2026-03-17,173.5500030517578,178.0,173.05999755859375,175.00999450683594,7193126.0
2026-03-18,176.0,180.0,175.27999877929688,177.27000427246094,6886100.0
2026-03-19,175.0,178.75,174.30999755859375,176.27999877929688,2471187.0
2026-03-20,178.74000549316406,195.9900054931641,177.25999450683594,192.1000061035156,25381347.0
2026-03-23,885.2000122070312,885.5,846.75,849.5499877929688,3401339.0
2026-03-24,177.9499969482422,182.0,173.6999969482422,180.13999938964844,3962812.0
2026-03-25,181.02999877929688,189.8999938964844,181.02999877929688,182.8500061035156,5799233.0
2026-03-27,184.0,187.9499969482422,180.52999877929688,185.3999938964844,5301802.0
2026-03-30,181.5800018310547,185.2100067138672,175.0,177.77000427246094,4487841.0
2026-04-01,182.9900054931641,187.1699981689453,181.1499938964844,182.6300048828125,2086423.0
2026-04-02,448.0,448.0,433.25,439.1000061035156,158838.0
2026-04-06,185.9900054931641,187.4900054931641,179.44000244140625,179.8800048828125,2946330.0
2026-04-07,180.5599975585937,180.6699981689453,178.3000030517578,179.05999755859375,1353041.0
2026-04-08,184.0,184.8000030517578,178.14999389648438,178.97999572753906,8413691.0
2026-04-09,180.8300018310547,181.9900054931641,175.60000610351562,177.10000610351562,3065571.0
2026-04-10,178.0,184.8600006103516,177.80999755859375,182.259994506836,4278203.0
2026-04-13,180.0,182.3000030517578,177.61000061035156,179.72999572753906,1956537.0
2026-04-15,181.8300018310547,184.3600006103516,181.3999938964844,182.6600036621093,2467384.0
2026-04-16,183.0,185.19000244140625,181.3000030517578,182.08999633789065,2615893.0
2026-04-17,182.6999969482422,186.77999877929688,182.1699981689453,185.009994506836,5809151.0
2026-04-20,185.5,188.88999938964844,182.5,184.6199951171875,3460303.0
2026-04-21,185.0,191.1499938964844,184.8800048828125,188.4900054931641,3780000.0
2026-04-22,188.4499969482422,201.009994506836,187.3099975585937,199.6000061035156,12326782.0
2026-04-23,198.0200042724609,200.9499969482422,196.0,197.27999877929688,2808011.0
2026-04-24,197.2899932861328,199.6600036621093,194.6100006103516,197.7400054931641,2974487.0
2026-04-27,200.8000030517578,209.6999969482422,199.8300018310547,205.9499969482422,6700538.0
2026-04-28,208.509994506836,208.88999938964844,204.0500030517578,204.9100036621093,2707583.0
2026-04-29,211.02999877929688,211.02999877929688,198.4900054931641,200.17999267578125,8854816.0
2026-04-30,200.0,202.509994506836,195.009994506836,196.3699951171875,2531785.0
2026-05-04,197.9900054931641,206.0,197.44000244140625,205.3000030517578,4041558.0
2026-05-05,204.1999969482422,210.0,203.1499938964844,205.8099975585937,4353116.0
2026-05-06,206.4499969482422,209.1999969482422,204.33999633789065,207.8000030517578,2374536.0
2026-05-07,208.4499969482422,216.009994506836,208.2700042724609,211.94000244140625,5671146.0
2026-05-08,211.5,211.5,205.0,206.77999877929688,3660874.0
2026-05-11,206.0,207.0,201.5,204.92999267578125,4549572.0
2026-05-12,205.0,205.6000061035156,197.0,198.19000244140625,2888856.0
2026-05-13,198.2899932861328,201.9900054931641,195.52999877929688,196.13999938964844,2271096.0
2026-05-14,197.08999633789065,202.0,193.0200042724609,200.8099975585937,1797480.0
2026-05-15,202.1999969482422,203.77999877929688,199.3000030517578,199.72999572753903,1573427.0
2026-05-18,196.5,200.1499938964844,193.42999267578125,199.3699951171875,1279878.0
2026-05-19,200.19000244140625,203.3999938964844,199.5200042724609,202.1699981689453,1460280.0
2026-05-20,199.42999267578125,200.5,196.3300018310547,196.72999572753903,1413570.0
2026-05-21,199.009994506836,200.0,196.08999633789065,198.2400054931641,1563942.0
2026-05-22,199.88999938964844,199.88999938964844,194.5599975585937,195.13999938964844,1488732.0
2026-05-25,197.9900054931641,198.1000061035156,192.3300018310547,193.0599975585937,1953838.0
2026-05-26,193.0,198.08999633789065,192.6000061035156,193.0599975585937,2721282.0
2026-05-27,193.6499938964844,196.3000030517578,192.3000030517578,193.7100067138672,2681475.0
2026-05-29,193.72000122070312,195.3800048828125,191.1000061035156,192.3000030517578,2025174.0
2026-06-01,194.0,195.8000030517578,189.8000030517578,190.6499938964844,1182761.0
2026-06-02,190.6499938964844,191.9900054931641,187.3300018310547,190.6499938964844,1160721.0
2026-06-03,190.6499938964844,191.3600006103516,185.75,190.17999267578125,1536046.0
2026-06-04,187.5,191.22999572753903,187.5,189.2700042724609,1104247.0
2026-06-05,189.009994506836,192.1199951171875,188.509994506836,188.8800048828125,1204518.0
2026-06-08,186.1000061035156,187.8000030517578,185.0500030517578,185.7100067138672,664146.0
2026-06-09,185.75,189.5,185.75,188.6999969482422,742212.0
2026-06-10,188.6999969482422,192.75,186.0399932861328,187.13999938964844,2892548.0
2026-06-11,186.0,189.8999938964844,184.5599975585937,185.4199981689453,2383553.0
2026-06-12,187.75,191.77999877929688,186.4499969482422,190.82000732421875,3746738.0
2026-06-15,193.0,196.4499969482422,190.6100006103516,191.1600036621093,4403932.0
2026-06-16,191.9900054931641,198.9499969482422,191.6100006103516,197.2700042724609,5458223.0
2026-06-17,198.2899932861328,198.2899932861328,192.8099975585937,193.58999633789065,4322724.0
2026-06-18,194.47999572753903,195.9600067138672,191.44000244140625,192.42999267578125,3848941.0
2026-06-19,192.42999267578125,192.42999267578125,183.1300048828125,184.3099975585937,11687924.0
2026-06-22,186.4499969482422,190.1300048828125,186.22000122070312,187.1000061035156,5257605.0
2026-06-23,187.0,188.8999938964844,183.3000030517578,183.82000732421875,4960839.0
2026-06-24,184.9499969482422,185.5800018310547,182.22000122070312,183.08999633789065,4716285.0
2026-06-25,184.0,185.6999969482422,181.6999969482422,181.8000030517578,4719605.0
2026-06-29,182.4900054931641,184.0,179.5,182.6699981689453,1884146.0
2026-06-30,183.0,184.1999969482422,179.7100067138672,183.6100006103516,1645241.0
2026-07-01,184.0,186.27999877929688,183.5,184.1999969482422,1416757.0
2026-07-02,185.5,190.8999938964844,180.0,183.9600067138672,16363566.0
2026-07-03,188.8000030517578,194.6999969482422,187.0,191.11000061035156,15400492.0
