Date,Open,High,Low,Close,Volume
2024-11-13,420.0,465.7999877929688,391.0,456.0,112960103.0
2024-11-14,473.1499938964844,489.3999938964844,418.6000061035156,430.7000122070313,56141395.0
2024-11-18,416.1000061035156,438.7000122070313,410.3999938964844,420.1000061035156,28579217.0
2024-11-19,424.0,430.8999938964844,408.8500061035156,412.4500122070313,12463968.0
2024-11-21,409.0,423.7000122070313,402.0,416.8500061035156,11443031.0
2024-11-22,414.2000122070313,419.75,410.0,416.6000061035156,3942312.0
2024-11-25,418.7999877929688,441.3999938964844,417.2000122070313,430.7000122070313,11690777.0
2024-11-26,443.0,471.0,438.8999938964844,461.8999938964844,15942914.0
2024-11-27,468.0,508.0,465.5499877929688,499.0499877929688,40301929.0
2024-11-28,507.3999938964844,517.0,481.0499877929688,491.5,14951742.0
2024-11-29,489.9500122070313,493.5,454.6000061035156,470.75,16060894.0
2024-12-02,472.0,503.6499938964844,464.3500061035156,493.7000122070313,10286055.0
2024-12-03,505.0,541.9500122070312,486.0499877929688,501.8500061035156,26879359.0
2024-12-04,510.0,534.7999877929688,509.8500061035156,517.7999877929688,19112635.0
2024-12-05,519.7000122070312,576.7000122070312,511.0,540.0,47711029.0
2024-12-06,540.0,552.7999877929688,530.0499877929688,544.7000122070312,13655139.0
2024-12-09,545.6500244140625,547.75,528.5999755859375,536.8499755859375,9929104.0
2024-12-10,560.0,567.9000244140625,540.0,543.75,11833298.0
2024-12-11,527.0,530.8499755859375,516.5,522.5499877929688,14344375.0
2024-12-12,522.0,524.8499755859375,501.0,504.2999877929688,8538402.0
2024-12-13,506.2000122070313,536.7000122070312,504.2999877929688,532.3499755859375,15929277.0
2024-12-16,538.0,612.4000244140625,533.0,596.3499755859375,48167926.0
2024-12-17,590.0,613.4000244140625,580.7999877929688,586.4000244140625,39259581.0
2024-12-18,589.0,605.25,572.0999755859375,577.3499755859375,20125575.0
2024-12-19,570.0,598.0,568.25,582.2000122070312,19658494.0
2024-12-20,588.0,608.7999877929688,586.4000244140625,597.4500122070312,20480867.0
2024-12-23,605.2999877929688,617.2999877929688,578.25,583.6500244140625,21999304.0
2024-12-24,589.0,594.0,561.0999755859375,568.0999755859375,11010976.0
2024-12-26,571.9000244140625,575.7999877929688,555.2000122070312,559.0499877929688,7705705.0
2024-12-27,563.0,564.0,541.25,545.9500122070312,5812587.0
2024-12-30,548.0,568.0,542.0,550.6500244140625,7669754.0
2024-12-31,552.0,561.0,535.2000122070312,540.9000244140625,5400223.0
2025-01-01,544.25,554.4000244140625,538.2000122070312,542.3499755859375,4500187.0
2025-01-02,545.0999755859375,558.0,539.3499755859375,556.4500122070312,6483910.0
2025-01-03,557.0,558.8499755859375,540.0,541.4500122070312,6023536.0
2025-01-06,544.4000244140625,546.5499877929688,520.2000122070312,532.0999755859375,7196227.0
2025-01-07,538.0,538.0,505.1499938964844,509.25,12034803.0
2025-01-08,514.9000244140625,515.2000122070312,486.2000122070313,490.6000061035156,9326257.0
2025-01-09,505.1499938964844,521.4000244140625,497.0499877929688,507.5,14972600.0
2025-01-10,504.0,505.8999938964844,488.5499877929688,492.2999877929688,5638811.0
2025-01-13,481.1499938964844,487.8999938964844,458.2999877929688,463.1000061035156,8311612.0
2025-01-14,465.2000122070313,481.4500122070313,460.1000061035156,464.5499877929688,8019502.0
2025-01-15,474.0,494.3999938964844,470.0499877929688,487.2999877929688,11912348.0
2025-01-16,505.0,514.7999877929688,479.0,483.0,10078943.0
2025-01-17,483.5,489.5,467.2000122070313,473.1000061035156,6245233.0
2025-01-20,475.7000122070313,483.75,464.4500122070313,479.2000122070313,6636117.0
2025-01-21,470.0,471.2999877929688,427.0499877929688,440.4500122070313,19799027.0
2025-01-22,441.0,445.4500122070313,413.6000061035156,433.7000122070313,17727617.0
2025-01-23,434.5,465.0,433.8999938964844,460.8999938964844,13375717.0
2025-01-24,463.2000122070313,463.8999938964844,441.0,449.0499877929688,12225785.0
2025-01-27,442.0,443.4500122070313,405.3500061035156,410.0499877929688,12806362.0
2025-01-28,414.25,418.5499877929688,389.0499877929688,410.9500122070313,17253887.0
2025-01-29,412.0,429.9500122070313,406.75,428.2000122070313,11860436.0
2025-01-30,428.0,428.5,402.5,404.75,10278807.0
2025-01-31,410.8999938964844,420.4500122070313,408.3999938964844,416.1000061035156,5141139.0
2025-02-01,418.5,458.2000122070313,407.5,435.4500122070313,15070283.0
2025-02-03,431.0,463.0,421.0,458.3999938964844,17169683.0
2025-02-04,458.0,458.0,428.4500122070313,434.0499877929688,10441964.0
2025-02-05,426.0,430.5,414.2999877929688,418.0499877929688,15784590.0
2025-02-06,391.0,410.8999938964844,385.25,388.7000122070313,41230291.0
2025-02-07,395.0,397.25,375.0,380.6499938964844,23290096.0
2025-02-10,378.0,378.25,359.0,362.1000061035156,31887879.0
2025-02-11,370.0,370.2000122070313,330.0,333.3500061035156,28185478.0
2025-02-12,336.3999938964844,352.95001220703125,326.20001220703125,341.3999938964844,36471242.0
2025-02-13,348.0,369.0,343.04998779296875,365.5,22899285.0
2025-02-14,364.0,364.0,325.29998779296875,340.75,27954447.0
2025-02-17,337.5,354.79998779296875,333.5,338.25,16573200.0
2025-02-18,338.25,349.8500061035156,328.3999938964844,347.8999938964844,13628374.0
2025-02-19,340.0,383.5,339.54998779296875,377.3999938964844,27576813.0
2025-02-20,370.5,386.75,367.75,373.6000061035156,15403371.0
2025-02-21,371.7000122070313,374.7999877929688,354.0,360.5499877929688,16859588.0
2025-02-24,354.0,368.0,348.3500061035156,364.6499938964844,12371636.0
2025-02-25,363.0499877929688,364.6499938964844,350.3999938964844,355.1000061035156,9161306.0
2025-02-27,360.0,360.0,341.0,344.45001220703125,6110777.0
2025-02-28,340.0,354.5,331.04998779296875,334.6499938964844,11985216.0
2025-03-03,342.25,342.25,317.0,326.29998779296875,13176398.0
2025-03-04,324.0,352.0,322.1499938964844,350.04998779296875,18340203.0
2025-03-05,346.3500061035156,360.0,343.5,358.5,10126052.0
2025-03-06,360.0,377.2999877929688,359.04998779296875,362.5499877929688,12135517.0
2025-03-07,360.0,368.75,353.54998779296875,360.9500122070313,9381165.0
2025-03-10,368.7999877929688,368.7999877929688,354.25,359.6499938964844,6193973.0
2025-03-11,354.0,354.75,347.29998779296875,352.8500061035156,3699313.0
2025-03-12,355.95001220703125,360.6000061035156,346.45001220703125,348.79998779296875,7809856.0
2025-03-13,353.0,357.8500061035156,343.70001220703125,353.20001220703125,4894809.0
2025-03-17,356.0,359.29998779296875,349.20001220703125,354.70001220703125,6949570.0
2025-03-18,354.70001220703125,354.70001220703125,354.70001220703125,354.70001220703125,0.0
2025-03-19,357.8500061035156,369.7000122070313,352.1000061035156,360.6000061035156,7872167.0
2025-03-20,364.0,366.0,348.1499938964844,354.3500061035156,6777598.0
2025-03-21,354.3999938964844,358.3999938964844,348.20001220703125,350.6499938964844,4553941.0
2025-03-24,353.1000061035156,357.25,350.6000061035156,351.45001220703125,3218583.0
2025-03-25,354.5,356.3999938964844,331.75,337.5,5518715.0
2025-03-26,330.70001220703125,336.0,321.20001220703125,323.8500061035156,7488889.0
2025-03-27,323.8500061035156,341.0,312.6499938964844,335.75,19591307.0
2025-03-28,335.0,342.20001220703125,326.54998779296875,330.20001220703125,10683126.0
2025-04-01,328.70001220703125,339.29998779296875,325.5,331.8999938964844,5731994.0
2025-04-02,330.0,351.3999938964844,328.79998779296875,344.6000061035156,10629913.0
2025-04-03,341.0,349.5,338.1499938964844,345.1499938964844,3395256.0
2025-04-04,342.0,346.6000061035156,335.1000061035156,337.3500061035156,3339600.0
2025-04-07,310.0,327.45001220703125,306.95001220703125,321.70001220703125,6536264.0
2025-04-08,329.0,334.6000061035156,322.54998779296875,333.29998779296875,6086723.0
2025-04-09,331.0,345.0,329.3999938964844,339.75,8437070.0
2025-04-11,347.0,347.1000061035156,331.3500061035156,333.0,6373180.0
2025-04-15,338.0,342.79998779296875,332.79998779296875,334.0,2904801.0
2025-04-16,334.5,340.6000061035156,334.25,336.25,5653384.0
2025-04-17,337.0,350.70001220703125,329.45001220703125,340.79998779296875,10107653.0
2025-04-21,342.45001220703125,347.3999938964844,341.6499938964844,343.8500061035156,3326600.0
2025-04-22,343.8500061035156,345.6499938964844,338.54998779296875,343.3500061035156,7967985.0
2025-04-23,344.79998779296875,349.45001220703125,339.45001220703125,348.04998779296875,4461816.0
2025-04-24,344.25,351.45001220703125,339.29998779296875,340.6000061035156,5934561.0
2025-04-25,342.1000061035156,343.3500061035156,320.0,321.3999938964844,6237853.0
2025-04-28,322.1000061035156,328.70001220703125,319.70001220703125,323.75,4572731.0
2025-04-29,327.3999938964844,328.3500061035156,318.5,319.8500061035156,2140615.0
2025-04-30,326.8500061035156,326.8500061035156,309.1499938964844,316.3999938964844,8197937.0
2025-05-02,314.0,317.8999938964844,303.0,304.0,6157429.0
2025-05-05,310.0,356.6499938964844,304.20001220703125,343.95001220703125,44623517.0
2025-05-06,337.0,344.8999938964844,332.6000061035156,342.5,18751451.0
2025-05-07,322.04998779296875,338.75,322.04998779296875,328.79998779296875,12816563.0
2025-05-08,332.8999938964844,335.3500061035156,311.54998779296875,315.20001220703125,7026155.0
2025-05-09,306.0,314.6000061035156,303.6000061035156,313.1000061035156,7752428.0
2025-05-12,319.3999938964844,325.0,306.25,320.29998779296875,22530437.0
2025-05-13,305.0,315.70001220703125,297.0,310.54998779296875,99269069.0
2025-05-14,313.20001220703125,313.3999938964844,306.0,307.29998779296875,23571274.0
2025-05-15,310.0,318.1499938964844,308.1499938964844,316.25,24138544.0
2025-05-16,317.79998779296875,327.20001220703125,315.29998779296875,321.20001220703125,23405796.0
2025-05-19,321.79998779296875,328.79998779296875,319.20001220703125,323.5,19845567.0
2025-05-20,325.0,325.29998779296875,310.1499938964844,311.3500061035156,17531661.0
2025-05-21,313.6499938964844,315.0,308.70001220703125,313.79998779296875,14723896.0
2025-05-22,311.04998779296875,318.20001220703125,310.1499938964844,315.04998779296875,7794455.0
2025-05-23,317.04998779296875,326.5,311.45001220703125,323.6499938964844,14197901.0
2025-05-26,324.8999938964844,327.1000061035156,318.54998779296875,320.8500061035156,8612919.0
2025-05-27,322.0,325.3500061035156,317.8999938964844,320.1499938964844,7969088.0
2025-05-28,320.3500061035156,326.8999938964844,318.5,320.20001220703125,11061254.0
2025-05-29,321.29998779296875,331.20001220703125,320.0,328.8500061035156,21764736.0
2025-05-30,328.95001220703125,338.20001220703125,327.6499938964844,333.04998779296875,19704228.0
2025-06-02,330.8500061035156,343.54998779296875,327.95001220703125,333.29998779296875,16854594.0
2025-06-03,338.0,347.25,330.6000061035156,333.20001220703125,25827808.0
2025-06-04,335.3999938964844,364.9500122070313,335.1000061035156,362.75,52634733.0
2025-06-05,361.0,370.0,357.1000061035156,364.1499938964844,40086834.0
2025-06-06,365.75,376.5,365.1499938964844,374.4500122070313,23372942.0
2025-06-09,376.0,376.25,360.1000061035156,364.6000061035156,17070230.0
2025-06-10,364.5499877929688,369.5,352.54998779296875,361.6000061035156,17183361.0
2025-06-11,360.5,361.6000061035156,352.0,356.04998779296875,15836583.0
2025-06-12,357.0,366.0,352.8500061035156,356.1000061035156,12378876.0
2025-06-13,350.0,357.8999938964844,345.75,354.20001220703125,12527621.0
2025-06-16,355.0,362.0,352.20001220703125,360.9500122070313,10330332.0
2025-06-17,361.9500122070313,364.2000122070313,351.8999938964844,355.75,7081371.0
2025-06-18,357.5,366.8999938964844,352.6499938964844,365.3999938964844,13208158.0
2025-06-19,364.5499877929688,385.0,362.1000061035156,374.1499938964844,47446089.0
2025-06-20,376.5,398.8999938964844,371.0,389.5,51835877.0
2025-06-23,385.8500061035156,395.8500061035156,378.0499877929688,389.0,16573120.0
2025-06-24,390.8999938964844,399.3999938964844,384.25,391.1499938964844,13783191.0
2025-06-25,393.1499938964844,402.5,389.2999877929688,399.9500122070313,17314395.0
2025-06-26,399.5,412.0,398.3999938964844,405.25,17362686.0
2025-06-27,408.5,410.0,395.2000122070313,406.9500122070313,17772506.0
2025-06-30,405.5,406.9500122070313,398.6499938964844,400.3999938964844,8510810.0
2025-07-01,400.5,402.1000061035156,391.5499877929688,393.4500122070313,8749440.0
2025-07-02,394.0,395.0,380.0,381.5499877929688,12607551.0
2025-07-03,383.25,388.3500061035156,380.6000061035156,386.0,6837958.0
2025-07-04,388.0,395.0,381.5499877929688,383.5,8466011.0
2025-07-07,386.0,387.5,375.0499877929688,376.6499938964844,6436786.0
2025-07-08,378.1499938964844,383.0,376.1499938964844,381.4500122070313,7154362.0
2025-07-09,381.5,382.9500122070313,374.5499877929688,380.1499938964844,7658449.0
2025-07-10,380.0,390.3999938964844,377.6000061035156,384.3500061035156,9000967.0
2025-07-11,383.8500061035156,389.0,377.8500061035156,385.1000061035156,11097294.0
2025-07-14,384.5,394.7000122070313,380.3999938964844,393.0499877929688,12695624.0
2025-07-15,393.0,399.2000122070313,383.2999877929688,388.4500122070313,12334200.0
2025-07-16,390.0,400.0,386.75,389.8500061035156,16832818.0
2025-07-17,391.75,393.2000122070313,383.8999938964844,385.6499938964844,5598050.0
2025-07-18,387.0,393.0,386.0499877929688,388.7999877929688,4840264.0
2025-07-21,388.7999877929688,400.7999877929688,380.1000061035156,394.75,17679121.0
2025-07-22,405.0,426.2999877929688,403.75,417.1499938964844,82273537.0
2025-07-23,418.0,421.0,412.6000061035156,418.7000122070313,17008721.0
2025-07-24,418.0,429.8999938964844,405.7000122070313,419.25,21757408.0
2025-07-25,418.5499877929688,418.5499877929688,406.0,407.9500122070313,7747460.0
2025-07-28,405.8999938964844,416.2000122070313,401.3500061035156,407.1000061035156,9524154.0
2025-07-29,408.1000061035156,415.7000122070313,402.2999877929688,413.7999877929688,5833966.0
2025-07-30,413.7999877929688,414.0,399.0,401.1000061035156,10405480.0
2025-07-31,400.0,407.0,397.7000122070313,403.75,8479325.0
2025-08-01,408.0,408.5,386.3999938964844,392.3500061035156,22583961.0
2025-08-04,392.5,403.1499938964844,381.75,399.2000122070313,14946689.0
2025-08-05,397.2000122070313,398.8999938964844,383.0,385.5499877929688,11103861.0
2025-08-06,386.8999938964844,399.0,385.5499877929688,393.9500122070313,16552149.0
2025-08-07,392.0,400.5499877929688,387.5,398.5,10357031.0
2025-08-08,402.8999938964844,402.8999938964844,381.8500061035156,384.7999877929688,9492514.0
2025-08-11,385.0,404.9500122070313,381.6499938964844,400.7000122070313,9171569.0
2025-08-12,403.0,403.5,391.6499938964844,393.25,9640468.0
2025-08-13,396.4500122070313,405.75,395.1000061035156,400.3999938964844,12854438.0
2025-08-14,401.0,403.7999877929688,397.0,398.3999938964844,7189281.0
2025-08-18,408.0499877929688,410.8500061035156,397.7999877929688,399.8500061035156,12185716.0
2025-08-19,401.7999877929688,410.75,399.5,409.7000122070313,12943754.0
2025-08-20,408.5,422.7000122070313,406.3500061035156,421.0499877929688,26084973.0
2025-08-21,427.0,443.3999938964844,424.1000061035156,435.7000122070313,39503599.0
2025-08-22,431.8500061035156,434.9500122070313,421.2000122070313,427.8999938964844,15407596.0
2025-08-25,428.0,432.2999877929688,420.1000061035156,425.6499938964844,13757056.0
2025-08-26,427.0,439.3999938964844,419.0,430.5499877929688,126308057.0
2025-08-28,430.5499877929688,433.2000122070313,419.6000061035156,421.0,9101997.0
2025-08-29,425.0,425.0,406.1499938964844,409.75,13267998.0
2025-09-01,416.9500122070313,430.0,413.25,428.5,12343339.0
2025-09-02,427.9500122070313,432.6000061035156,421.4500122070313,425.9500122070313,7323331.0
2025-09-03,428.1000061035156,434.75,424.6499938964844,430.6000061035156,8201506.0
2025-09-04,432.0,436.25,421.2000122070313,423.1000061035156,7536276.0
2025-09-05,425.0,440.0,420.7000122070313,439.0499877929688,20282407.0
2025-09-08,443.0,458.9500122070313,440.0,443.1499938964844,19458812.0
2025-09-09,445.0,445.0,432.2000122070313,436.6499938964844,9435995.0
2025-09-10,438.75,438.75,421.3999938964844,423.8999938964844,13012999.0
2025-09-11,426.9500122070313,432.2000122070313,422.5,423.7000122070313,8593765.0
2025-09-12,425.0499877929688,430.0,415.5499877929688,420.5499877929688,8562600.0
2025-09-15,422.6499938964844,427.8999938964844,420.4500122070313,424.8500061035156,5200192.0
2025-09-16,427.8999938964844,439.2000122070313,425.2999877929688,437.2000122070313,12767732.0
2025-09-17,437.0,442.6000061035156,432.0,440.9500122070313,7017969.0
2025-09-18,440.0,445.0,436.25,444.5,4542176.0
2025-09-19,445.0,474.0,440.8500061035156,458.4500122070313,66256100.0
2025-09-22,461.0,464.3500061035156,446.5499877929688,449.5499877929688,12825424.0
2025-09-23,450.7000122070313,451.6499938964844,445.2000122070313,449.2000122070313,7987236.0
2025-09-24,458.2000122070313,460.8999938964844,436.0,438.4500122070313,19597212.0
2025-09-25,439.9500122070313,440.7999877929688,425.0,426.1000061035156,8856362.0
2025-09-26,425.0,427.8999938964844,418.0,420.6499938964844,11140200.0
2025-09-29,423.5499877929688,423.6000061035156,413.2000122070313,416.5,19854203.0
2025-09-30,419.25,426.5,416.5499877929688,422.9500122070313,13565339.0
2025-10-01,423.2999877929688,423.2999877929688,414.25,417.75,7083494.0
2025-10-03,420.0,421.25,412.5499877929688,413.8500061035156,7409123.0
2025-10-06,413.8500061035156,424.7000122070313,408.1499938964844,421.5499877929688,8057127.0
2025-10-07,422.0,422.6499938964844,414.4500122070313,420.75,8625939.0
2025-10-08,420.0,423.4500122070313,416.5,420.8999938964844,4546535.0
2025-10-09,422.7999877929688,437.7999877929688,421.0499877929688,436.8999938964844,11540849.0
2025-10-10,436.1000061035156,439.0,428.7000122070313,435.5499877929688,7920712.0
2025-10-13,435.0,437.6000061035156,431.2999877929688,434.7999877929688,7146572.0
2025-10-14,435.2000122070313,442.0,432.3500061035156,440.1499938964844,8288544.0
2025-10-15,440.3999938964844,443.5,435.7000122070313,442.7000122070313,14283145.0
2025-10-16,444.4500122070313,459.9500122070313,442.75,448.3999938964844,24563868.0
2025-10-17,447.0,447.0,424.9500122070313,432.1499938964844,18430213.0
2025-10-20,435.0,435.8999938964844,416.1000061035156,421.8999938964844,13304432.0
2025-10-21,427.0,433.8999938964844,424.0,432.1000061035156,2266400.0
2025-10-23,432.1000061035156,433.0499877929688,423.0,424.2999877929688,7858545.0
2025-10-24,426.0,430.2000122070313,423.0,424.8999938964844,4343894.0
2025-10-27,425.9500122070313,427.3500061035156,420.2999877929688,425.6499938964844,3890805.0
2025-10-28,427.7000122070313,429.0,419.1499938964844,422.1000061035156,4360893.0
2025-10-29,423.25,426.6000061035156,417.6499938964844,418.9500122070313,3267281.0
2025-10-30,419.9500122070313,422.5,413.5,417.9500122070313,4122844.0
2025-10-31,430.0,434.0,407.1000061035156,409.9500122070313,19552018.0
2025-11-03,409.7999877929688,409.7999877929688,401.3999938964844,402.4500122070313,4897191.0
2025-11-04,405.0,415.4500122070313,402.2999877929688,413.3500061035156,9477215.0
2025-11-05,413.3500061035156,413.3500061035156,413.3500061035156,413.3500061035156,0.0
2025-11-06,412.6499938964844,413.0,402.6000061035156,403.9500122070313,5526680.0
2025-11-07,399.9500122070313,408.7999877929688,395.6499938964844,401.3999938964844,5018639.0
2025-11-10,404.0,411.3999938964844,380.0,386.9500122070313,11133596.0
2025-11-11,387.8999938964844,396.1000061035156,377.0,394.25,10574487.0
2025-11-12,395.75,398.0,390.7999877929688,395.75,3236998.0
2025-11-13,397.0,397.8999938964844,382.2000122070313,383.1000061035156,6102890.0
2025-11-14,380.0,395.0,379.6000061035156,393.1000061035156,7601634.0
2025-11-17,395.0,397.2000122070313,384.2999877929688,394.7999877929688,6430519.0
2025-11-18,396.0,401.7999877929688,392.5499877929688,393.3500061035156,3571077.0
2025-11-19,394.2000122070313,398.7999877929688,393.5,397.0,2144091.0
2025-11-20,397.0,402.8999938964844,393.7000122070313,395.5,3578421.0
2025-11-21,395.5,396.4500122070313,383.8500061035156,385.4500122070313,3384015.0
2025-11-24,380.2999877929688,410.7000122070313,378.0,404.6000061035156,22449342.0
2025-11-25,402.0,402.8999938964844,390.0,394.6000061035156,4669131.0
2025-11-26,393.25,396.5,390.3999938964844,392.3999938964844,2723100.0
2025-11-27,392.4500122070313,394.3999938964844,385.25,386.6499938964844,2317260.0
2025-11-28,386.6499938964844,387.25,376.8999938964844,378.2999877929688,4711401.0
2025-12-01,380.0,391.75,378.5,388.6499938964844,5479785.0
2025-12-02,389.1000061035156,402.5,388.0,399.3999938964844,7626093.0
2025-12-03,395.7000122070313,405.5,395.0499877929688,403.25,6943055.0
2025-12-04,400.0,406.6499938964844,398.1499938964844,401.5499877929688,4482233.0
2025-12-05,397.5499877929688,404.8999938964844,393.1000061035156,394.3999938964844,3225832.0
2025-12-08,393.7999877929688,394.8999938964844,380.7999877929688,385.8999938964844,4167603.0
2025-12-09,384.0,400.0,380.1499938964844,398.0499877929688,8414782.0
2025-12-10,395.0,406.8999938964844,390.1000061035156,395.5,12642146.0
2025-12-11,397.0,407.8999938964844,396.9500122070313,401.2000122070313,15444380.0
2025-12-12,404.75,421.6000061035156,403.3999938964844,416.5,27004727.0
2025-12-15,417.9500122070313,417.9500122070313,409.3999938964844,413.3999938964844,9870619.0
2025-12-16,410.0,410.0,389.1499938964844,396.25,24398408.0
2025-12-17,395.0,406.0,392.3500061035156,398.9500122070313,15194501.0
2025-12-18,400.0,415.3999938964844,397.3500061035156,410.7000122070313,68636561.0
2025-12-19,420.0,420.0,404.25,412.2000122070313,26000734.0
2025-12-22,410.0,412.2000122070313,406.0499877929688,407.8500061035156,3619537.0
2025-12-23,406.3999938964844,406.8999938964844,400.1499938964844,405.0499877929688,4643245.0
2025-12-24,404.3999938964844,406.6000061035156,398.4500122070313,400.0499877929688,2725703.0
2025-12-26,394.0,396.3999938964844,391.0,391.8999938964844,2807085.0
2025-12-29,393.9500122070313,406.6000061035156,391.0499877929688,394.8500061035156,6446847.0
2025-12-30,395.0,399.7000122070313,386.5499877929688,394.0499877929688,7583146.0
2025-12-31,395.4500122070313,396.0,385.0,386.25,7176270.0
2026-01-01,389.0,393.8999938964844,386.75,390.7000122070313,5158253.0
2026-01-02,390.7000122070313,390.7000122070313,381.0,387.2000122070313,6156705.0
2026-01-05,387.2000122070313,390.25,377.0,378.3999938964844,8098986.0
2026-01-06,378.3999938964844,379.0,356.3500061035156,361.0,28274163.0
2026-01-07,362.8999938964844,366.5,359.5,361.8999938964844,10460044.0
2026-01-08,465.7000122070313,470.5,437.0,440.75,989192.0
2026-01-09,440.75,447.0,434.0499877929688,438.5,665846.0
2026-01-12,351.70001220703125,352.29998779296875,342.0,349.6000061035156,14806240.0
2026-01-13,350.3999938964844,355.54998779296875,345.1499938964844,350.3500061035156,10758860.0
2026-01-14,348.1000061035156,348.6000061035156,341.29998779296875,347.04998779296875,10277313.0
2026-01-16,346.25,347.0,337.54998779296875,340.25,9813366.0
2026-01-19,340.0,341.5,331.20001220703125,333.79998779296875,13551852.0
2026-01-20,331.79998779296875,334.29998779296875,324.04998779296875,326.1000061035156,6863680.0
2026-01-21,325.75,339.3999938964844,318.3999938964844,334.54998779296875,18957496.0
2026-01-22,343.0,347.8500061035156,312.8999938964844,320.29998779296875,26797175.0
2026-01-23,320.54998779296875,321.70001220703125,310.1499938964844,313.0,17199531.0
2026-01-27,314.1000061035156,317.8999938964844,304.0,312.25,14294162.0
2026-01-28,313.0,325.29998779296875,309.0,323.5,12888262.0
2026-01-29,324.6000061035156,330.5,321.6499938964844,327.6499938964844,6541015.0
2026-02-02,420.2999877929688,414.8999938964844,402.0,412.4500122070313,687629.0
2026-02-03,319.0,328.3500061035156,314.70001220703125,317.75,23083774.0
2026-02-04,319.5,324.20001220703125,314.04998779296875,321.1000061035156,8822474.0
2026-02-05,322.0,324.54998779296875,314.25,321.45001220703125,9503067.0
2026-02-06,321.45001220703125,322.20001220703125,314.0,320.0,6151449.0
2026-02-09,419.0,424.7000122070313,411.2999877929688,419.6499938964844,1002169.0
2026-02-10,335.04998779296875,359.0,333.1000061035156,355.75,31081429.0
2026-02-11,354.6000061035156,355.0,340.3999938964844,342.29998779296875,8090660.0
2026-02-12,424.25,424.25,415.2999877929688,416.9500122070313,284084.0
2026-02-13,413.8999938964844,415.5,407.25,408.6499938964844,345516.0
2026-02-16,337.0,343.0,333.6499938964844,342.0,6961996.0
2026-02-17,406.2000122070313,416.8999938964844,405.5,413.1000061035156,365170.0
2026-02-18,414.0,414.0,409.1000061035156,410.0499877929688,289852.0
2026-02-19,333.95001220703125,337.79998779296875,325.0,326.6499938964844,5700612.0
2026-02-20,323.5,328.70001220703125,322.1499938964844,323.79998779296875,6449475.0
2026-02-23,406.9500122070313,410.4500122070313,369.8999938964844,379.0,2598234.0
2026-02-24,318.20001220703125,322.3500061035156,310.54998779296875,314.0,7337473.0
2026-02-25,316.04998779296875,317.6000061035156,304.0,307.3999938964844,10516661.0
2026-02-26,309.0,311.8999938964844,304.75,307.04998779296875,7865362.0
2026-02-27,308.0,308.5,298.3500061035156,301.75,13685546.0
2026-03-02,3880.0,4048.0,3850.10009765625,3954.199951171875,513259.0
2026-03-04,3912.60009765625,3932.699951171875,3847.699951171875,3898.199951171875,368073.0
2026-03-05,296.1000061035156,299.8500061035156,288.70001220703125,298.3999938964844,6170662.0
2026-03-06,298.1000061035156,303.5,295.95001220703125,301.5,6599008.0
2026-03-09,295.8500061035156,303.0,291.29998779296875,301.25,4796061.0
2026-03-10,304.70001220703125,306.20001220703125,293.79998779296875,294.6499938964844,5969264.0
2026-03-11,293.5,296.3999938964844,283.04998779296875,284.6000061035156,6979984.0
2026-03-12,41.5099983215332,43.540000915527344,40.93000030517578,42.43000030517578,108432510.0
2026-03-13,42.41999816894531,42.83000183105469,40.97999954223633,41.40999984741211,79404288.0
2026-03-16,279.6499938964844,285.79998779296875,275.6000061035156,284.6000061035156,9307841.0
2026-03-17,284.1000061035156,295.79998779296875,281.6000061035156,292.8500061035156,10306335.0
2026-03-18,295.0,300.75,292.79998779296875,298.75,5054829.0
2026-03-19,294.54998779296875,294.54998779296875,281.1499938964844,283.25,5525304.0
2026-03-20,285.8999938964844,292.1499938964844,280.0,282.79998779296875,36777620.0
2026-03-23,277.3500061035156,280.79998779296875,266.95001220703125,272.54998779296875,17054696.0
2026-03-24,41.29999923706055,41.29999923706055,39.95000076293945,41.040000915527344,65440981.0
2026-03-25,41.5,42.84999847412109,41.43000030517578,42.27000045776367,76026860.0
2026-03-27,276.0,278.0,266.29998779296875,268.54998779296875,14360499.0
2026-03-30,265.0,266.79998779296875,258.25,260.04998779296875,15210346.0
2026-04-01,308.0,326.0,305.70001220703125,321.8999938964844,1138532.0
2026-04-02,262.5,277.0,256.70001220703125,275.3500061035156,10194616.0
2026-04-06,275.29998779296875,275.29998779296875,266.0,271.79998779296875,20125302.0
2026-04-07,269.20001220703125,271.5,264.25,269.29998779296875,7659468.0
2026-04-08,281.0,285.6000061035156,275.6000061035156,277.6499938964844,15184789.0
2026-04-09,277.6499938964844,281.95001220703125,269.20001220703125,271.8999938964844,8706111.0
2026-04-10,274.1000061035156,280.75,273.3999938964844,275.0,7920670.0
2026-04-13,266.20001220703125,268.25,262.8500061035156,264.20001220703125,9464101.0
2026-04-15,268.8500061035156,274.8500061035156,268.79998779296875,272.25,11984885.0
2026-04-16,275.0,282.45001220703125,273.75,280.3999938964844,7853184.0
2026-04-17,281.8500061035156,283.3500061035156,274.04998779296875,277.45001220703125,7581067.0
2026-04-20,278.8500061035156,284.5,272.79998779296875,279.1499938964844,6896882.0
2026-04-21,280.0,284.95001220703125,277.45001220703125,283.79998779296875,8713558.0
2026-04-22,283.25,296.0,282.45001220703125,294.70001220703125,11375088.0
2026-04-23,291.95001220703125,297.0,287.6000061035156,293.04998779296875,10094828.0
2026-04-24,295.04998779296875,299.0,282.95001220703125,287.1000061035156,11425117.0
2026-04-27,290.3999938964844,292.79998779296875,284.25,286.20001220703125,8381950.0
2026-04-28,286.20001220703125,289.8999938964844,277.6499938964844,282.29998779296875,8503481.0
2026-04-29,288.0,288.6000061035156,272.5,275.0,16706619.0
2026-04-30,273.3999938964844,274.6000061035156,265.3500061035156,270.29998779296875,7964351.0
2026-05-04,271.3999938964844,279.6000061035156,270.70001220703125,278.79998779296875,6684581.0
